Molecule Name,CDD Number,SARS-CoV-2-MPro_fluorescence-dose-response_weizmann: IC50 (µM),MERS-CoV-MPro_fluorescence-dose-response_weizmann: IC50 (µM)
ASAP-0032605,"",1.701,(IC50 could not be calculated)
ASAP-0032604,"",2.593,(IC50 could not be calculated)
ASAP-0032572,"",6.562,> 99.500
ASAP-0032562,"",> 99.500,> 99.500
ASAP-0032561,"",63.711,(IC50 could not be calculated)
ASAP-0032560,"",95.523,> 99.500
ASAP-0032559,"",24.306,> 99.500
ASAP-0032546,"",7.728,> 99.500
ASAP-0032406,"",> 99.500,> 99.500
ASAP-0032403,"",21.248,> 99.500
ASAP-0032402,"",7.034,> 99.500
ASAP-0032386,"",> 99.500,> 99.500
ASAP-0032378,"",0.002,0.144
ASAP-0032364,"",11.007,(IC50 could not be calculated)
ASAP-0032358,"",71.509,> 99.500
ASAP-0032340,"",> 99.500,> 99.500
ASAP-0032332,"",38.037,(IC50 could not be calculated)
ASAP-0032328,"",80.171,> 99.500
ASAP-0032327,"",87.135,> 99.500
ASAP-0032326,"",> 99.500,> 99.500
ASAP-0032325,"",> 99.500,> 99.500
ASAP-0032322,"",0.179,(IC50 could not be calculated)
ASAP-0032312,"",68.922,> 99.500
ASAP-0032300,"",8.311,> 99.500
ASAP-0032295,"",8.150,(IC50 could not be calculated)
ASAP-0032292,"",15.223,(IC50 could not be calculated)
ASAP-0032289,"",6.437,(IC50 could not be calculated)
ASAP-0032285,"",1.426,(IC50 could not be calculated)
ASAP-0032282,"",20.051,> 99.500
ASAP-0032280,"",41.807,(IC50 could not be calculated)
ASAP-0032279,"",2.602,(IC50 could not be calculated)
ASAP-0032278,"",14.168,(IC50 could not be calculated)
ASAP-0032277,"",39.215,(IC50 could not be calculated)
ASAP-0032276,"",0.003,0.297
ASAP-0032271,"",2.628,(IC50 could not be calculated)
ASAP-0032269,"",26.595,(IC50 could not be calculated)
ASAP-0032266,"",0.945,(IC50 could not be calculated)
ASAP-0032264,"",17.565,> 99.500
ASAP-0032261,"",14.938,> 99.500
ASAP-0032260,"",1.269,(IC50 could not be calculated)
ASAP-0032257,"",> 99.500,> 99.500
ASAP-0032256,"",1.254,(IC50 could not be calculated)
ASAP-0032254,"",0.349,2.477
ASAP-0032252,"",14.147,(IC50 could not be calculated)
ASAP-0032246,"",48.993,> 99.500
ASAP-0032242,"",52.788,> 99.500
ASAP-0032241,"",4.920,(IC50 could not be calculated)
ASAP-0032240,"",11.490,(IC50 could not be calculated)
ASAP-0032233,"",0.499,(IC50 could not be calculated)
ASAP-0032223,"",0.002,0.134
ASAP-0032220,"",28.204,> 99.500
ASAP-0032218,"",8.021,(IC50 could not be calculated)
ASAP-0032212,"",> 99.500,> 99.500
ASAP-0032210,"",77.107,> 99.500
ASAP-0032201,"",10.487,(IC50 could not be calculated)
ASAP-0032194,"",32.434,> 99.500
ASAP-0032189,"",5.538,(IC50 could not be calculated)
ASAP-0032185,"",43.459,> 99.500
ASAP-0032184,"",6.925,> 99.500
ASAP-0032183,"",6.506,(IC50 could not be calculated)
ASAP-0032181,"",14.242,(IC50 could not be calculated)
ASAP-0032180,"",8.777,(IC50 could not be calculated)
ASAP-0032175,"",> 99.500,> 99.500
ASAP-0032174,"",72.905,> 99.500
ASAP-0032168,"",4.357,10.012
ASAP-0032167,"",11.971,> 99.500
ASAP-0032161,"",28.735,(IC50 could not be calculated)
ASAP-0032159,"",> 99.500,> 99.500
ASAP-0032158,"",29.298,> 99.500
ASAP-0032155,"",35.982,(IC50 could not be calculated)
ASAP-0032154,"",81.439,> 99.500
ASAP-0032153,"",15.026,(IC50 could not be calculated)
ASAP-0032146,"",> 99.500,> 99.500
ASAP-0032123,"",0.098,(IC50 could not be calculated)
ASAP-0032122,"",2.222,(IC50 could not be calculated)
ASAP-0032107,"",28.374,> 99.500
ASAP-0032104,"",> 99.500,> 99.500
ASAP-0032098,"",> 99.500,> 99.500
ASAP-0032097,"",45.497,> 99.500
ASAP-0032096,"",5.308,> 99.500
ASAP-0032066,"",4.634,> 99.500
ASAP-0032065,"",23.139,> 99.500
ASAP-0032061,"",0.626,(IC50 could not be calculated)
ASAP-0032039,"",64.130,> 99.500
ASAP-0032038,"",42.564,> 99.500
ASAP-0031983,"",> 99.500,> 99.500
ASAP-0031982,"",> 99.500,> 99.500
ASAP-0031981,"",26.314,> 99.500
ASAP-0031980,"",2.097,> 99.500
ASAP-0031973,"",> 99.500,> 99.500
ASAP-0031969,"",6.195,(IC50 could not be calculated)
ASAP-0031964,"",45.938,> 99.500
ASAP-0031961,"",32.390,> 99.500
ASAP-0031960,"",28.153,> 99.500
ASAP-0031952,"",> 99.500,> 99.500
ASAP-0031951,"",> 99.500,> 99.500
ASAP-0031949,"",> 99.500,> 99.500
ASAP-0031948,"",> 99.500,> 99.500
ASAP-0031946,"",1.517,(IC50 could not be calculated)
ASAP-0031945,"",0.215,82.652
ASAP-0031935,"",0.266,(IC50 could not be calculated)
ASAP-0031934,"",3.816,(IC50 could not be calculated)
ASAP-0031932,"",> 99.500,> 99.500
ASAP-0031928,"",> 99.500,> 99.500
ASAP-0031924,"",3.058,> 99.500
ASAP-0031922,"",0.087,(IC50 could not be calculated)
ASAP-0031921,"",4.491,> 99.500
ASAP-0031920,"",8.787,> 99.500
ASAP-0031918,"",> 99.500,> 99.500
ASAP-0031917,"",0.819,> 32.340
ASAP-0031916,"",0.418,> 99.500
ASAP-0031894,"",> 99.500,> 99.500
ASAP-0031893,"",> 99.500,> 99.500
ASAP-0031888,"",> 99.500,> 99.500
ASAP-0031887,"",38.784,> 99.500
ASAP-0031882,"",20.891,> 99.500
ASAP-0031881,"",26.690,> 99.500
ASAP-0031878,"",4.924,> 99.500
ASAP-0031877,"",3.339,> 99.500
ASAP-0031873,"",> 99.500,> 99.500
ASAP-0031870,"",0.185,(IC50 could not be calculated)
ASAP-0031869,"",4.741,(IC50 could not be calculated)
ASAP-0031867,"",0.003,0.695
ASAP-0031865,"",0.778,(IC50 could not be calculated)
ASAP-0031863,"",> 99.500,> 99.500
ASAP-0031855,"",86.119,> 99.500
ASAP-0031852,"",> 99.500,> 99.500
ASAP-0031839,"",3.717,(IC50 could not be calculated)
ASAP-0031834,"",2.279,(IC50 could not be calculated)
ASAP-0031833,"",0.682,(IC50 could not be calculated)
ASAP-0031832,"",10.647,(IC50 could not be calculated)
ASAP-0031815,"",4.344,(IC50 could not be calculated)
ASAP-0031798,"",1.798,(IC50 could not be calculated)
ASAP-0031790,"",0.746,(IC50 could not be calculated)
ASAP-0031785,"",78.664,> 99.500
ASAP-0031780,"",> 99.500,> 99.500
ASAP-0031778,"",45.593,> 99.500
ASAP-0031776,"",4.629,(IC50 could not be calculated)
ASAP-0031761,"",1.208,(IC50 could not be calculated)
ASAP-0031760,"",4.598,> 99.500
ASAP-0031759,"",0.464,(IC50 could not be calculated)
ASAP-0031756,"",12.722,(IC50 could not be calculated)
ASAP-0031755,"",5.459,(IC50 could not be calculated)
ASAP-0031750,"",18.326,> 99.500
ASAP-0031748,"",0.946,(IC50 could not be calculated)
ASAP-0031745,"",> 99.500,> 99.500
ASAP-0031722,"",33.005,> 99.500
ASAP-0031702,"",81.602,> 99.500
ASAP-0031698,"",0.006,0.280
ASAP-0031648,"",0.200,(IC50 could not be calculated)
ASAP-0031647,"",6.935,(IC50 could not be calculated)
ASAP-0031617,"",2.797,> 99.500
ASAP-0031592,"",0.497,(IC50 could not be calculated)
ASAP-0031558,"",0.082,10.305
ASAP-0031557,"",3.245,(IC50 could not be calculated)
ASAP-0031552,"",2.055,> 99.500
ASAP-0031522,"",0.130,(IC50 could not be calculated)
ASAP-0031506,"",1.985,(IC50 could not be calculated)
ASAP-0031482,"",9.397,> 99.500
ASAP-0031472,"",> 99.500,> 99.500
ASAP-0031463,"",45.846,> 99.500
ASAP-0031446,"",0.002,0.275
ASAP-0031445,"",0.333,(IC50 could not be calculated)
ASAP-0031444,"",54.600,> 99.500
ASAP-0031442,"",1.540,> 99.500
ASAP-0031433,"",73.367,> 99.500
ASAP-0031418,"",40.242,> 99.500
ASAP-0031411,"",0.072,(IC50 could not be calculated)
ASAP-0031398,"",0.046,0.250
ASAP-0031393,"",> 99.500,> 99.500
ASAP-0031372,"",0.735,(IC50 could not be calculated)
ASAP-0031367,"",6.362,(IC50 could not be calculated)
ASAP-0031357,"",0.138,(IC50 could not be calculated)
ASAP-0031354,"",> 99.500,> 99.500
ASAP-0031331,"",0.003,0.436
ASAP-0031322,"",36.449,> 99.500
ASAP-0031321,"",0.002,0.284
ASAP-0031289,"",0.321,(IC50 could not be calculated)
ASAP-0031279,"",68.891,> 99.500
ASAP-0031276,"",11.771,> 99.500
ASAP-0031275,"",2.325,31.596
ASAP-0031260,"",36.601,> 99.500
ASAP-0031259,"",3.461,49.788
ASAP-0031251,"",8.502,> 99.500
ASAP-0031242,"",1.192,(IC50 could not be calculated)
ASAP-0031241,"",23.989,> 99.500
ASAP-0031240,"",10.792,52.449
ASAP-0031239,"",72.972,> 99.500
ASAP-0031229,"",64.535,> 99.500
ASAP-0031226,"",4.178,(IC50 could not be calculated)
ASAP-0031224,"",40.618,> 99.500
ASAP-0031223,"",> 99.500,> 99.500
ASAP-0031218,"",1.019,(IC50 could not be calculated)
ASAP-0031217,"",6.622,> 99.500
ASAP-0031213,"",5.030,> 99.500
ASAP-0031198,"",> 99.500,> 99.500
ASAP-0031195,"",18.100,> 99.500
ASAP-0031192,"",47.926,> 99.500
ASAP-0031188,"",1.184,26.594
ASAP-0031187,"",0.267,2.577
ASAP-0031186,"",24.864,> 99.500
ASAP-0031185,"",> 99.500,> 99.500
ASAP-0031184,"",> 99.500,> 99.500
ASAP-0031173,"",0.006,0.308
ASAP-0031169,"",> 99.500,> 99.500
ASAP-0031159,"",10.592,(IC50 could not be calculated)
ASAP-0031151,"",93.378,> 99.500
ASAP-0031146,"",0.611,21.329
ASAP-0031128,"",6.197,(IC50 could not be calculated)
ASAP-0031127,"",3.223,> 99.500
ASAP-0031123,"",21.197,69.821
ASAP-0031116,"",33.837,> 99.500
ASAP-0031100,"",0.017,0.417
ASAP-0031087,"",0.003,0.436
ASAP-0031060,"",0.002,0.090
ASAP-0031056,"",0.002,0.133
ASAP-0031035,"",50.237,> 99.500
ASAP-0031022,"",0.037,2.038
ASAP-0031016,"",2.482,> 99.500
ASAP-0031015,"",54.596,> 99.500
ASAP-0031013,"",0.009,0.372
ASAP-0031012,"",3.659,(IC50 could not be calculated)
ASAP-0031011,"",17.636,(IC50 could not be calculated)
ASAP-0031005,"",4.153,> 99.500
ASAP-0031001,"",0.021,0.419
ASAP-0030989,"",0.334,(IC50 could not be calculated)
ASAP-0030983,"",0.593,> 99.500
ASAP-0030982,"",7.911,> 99.500
ASAP-0030981,"",0.007,0.656
ASAP-0030975,"",11.201,(IC50 could not be calculated)
ASAP-0030974,"",3.553,(IC50 could not be calculated)
ASAP-0030966,"",0.003,0.825
ASAP-0030947,"",0.013,6.227
ASAP-0030944,"",4.392,(IC50 could not be calculated)
ASAP-0030943,"",5.229,> 99.500
ASAP-0030941,"",0.003,0.308
ASAP-0030935,"",0.002,0.063
ASAP-0030922,"",1.192,9.534
ASAP-0030921,"",0.733,(IC50 could not be calculated)
ASAP-0030914,"",0.006,1.670
ASAP-0030907,"",4.577,(IC50 could not be calculated)
ASAP-0030906,"",7.090,> 99.500
ASAP-0030899,"",0.004,1.180
ASAP-0030879,"",7.010,> 99.500
ASAP-0030878,"",5.954,(IC50 could not be calculated)
ASAP-0030857,"",5.275,> 99.500
ASAP-0030856,"",9.262,> 99.500
ASAP-0030818,"",5.152,29.472
ASAP-0030817,"",3.242,9.444
ASAP-0030811,"",4.723,> 99.500
ASAP-0030810,"",0.523,28.013
ASAP-0030808,"",0.641,2.519
ASAP-0030807,"",1.354,2.565
ASAP-0030759,"",0.002,0.084
ASAP-0030757,"",4.568,> 99.500
ASAP-0030756,"",6.918,(IC50 could not be calculated)
ASAP-0030751,"",0.940,> 99.500
ASAP-0030750,"",1.729,> 99.500
ASAP-0030718,"",2.843,30.764
ASAP-0030717,"",1.640,28.234
ASAP-0030713,"",0.002,0.133
ASAP-0030703,"",2.872,> 99.500
ASAP-0030702,"",4.492,> 99.500
ASAP-0030113,"",0.013,0.489
ASAP-0030096,"",0.005,1.782
ASAP-0030064,"",0.007,0.197
ASAP-0030057,"",5.345,> 99.500
ASAP-0030055,"",12.849,> 99.500
ASAP-0030048,"",0.008,0.413
ASAP-0030040,"",0.068,0.684
ASAP-0030029,"",> 99.500,> 99.500
ASAP-0030010,"",0.003,0.761
ASAP-0029987,"",0.021,0.443
ASAP-0029984,"",0.006,0.403
ASAP-0029978,"",0.002,0.134
ASAP-0029953,"",0.006,0.441
ASAP-0029947,"",0.280,14.726
ASAP-0029930,"",73.121,> 99.500
ASAP-0029929,"",86.871,""
ASAP-0029925,"",87.484,""
ASAP-0029924,"",> 99.500,""
ASAP-0029920,"",0.059,1.099
ASAP-0029918,"",72.885,""
ASAP-0029915,"",0.006,2.082
ASAP-0029910,"",80.810,""
ASAP-0029907,"",13.389,""
ASAP-0029906,"",85.208,""
ASAP-0029904,"",49.439,""
ASAP-0029903,"",0.531,8.025
ASAP-0029902,"",> 99.500,""
ASAP-0029898,"",> 99.500,""
ASAP-0029897,"",60.108,""
ASAP-0029895,"",> 99.500,""
ASAP-0029894,"",> 99.500,""
ASAP-0029887,"",73.140,> 99.500
ASAP-0029885,"",12.293,""
ASAP-0029884,"",13.777,""
ASAP-0029882,"",36.409,> 99.500
ASAP-0029882,"",41.448,""
ASAP-0029878,"",9.571,(IC50 could not be calculated)
ASAP-0029873,"",5.436,(IC50 could not be calculated)
ASAP-0029871,"",0.010,0.488
ASAP-0029869,"",53.143,""
ASAP-0029868,"",42.802,""
ASAP-0029867,"",14.169,""
ASAP-0029866,"",1.913,(IC50 could not be calculated)
ASAP-0029866,"",2.417,""
ASAP-0029863,"",> 99.500,""
ASAP-0029861,"",7.754,""
ASAP-0029857,"",> 99.500,""
ASAP-0029856,"",0.002,0.183
ASAP-0029855,"",60.401,""
ASAP-0029850,"",> 99.500,""
ASAP-0029849,"",0.044,0.287
ASAP-0029848,"",76.260,> 99.500
ASAP-0029846,"",53.420,""
ASAP-0029839,"",35.053,""
ASAP-0029837,"",> 99.500,""
ASAP-0029828,"",> 99.500,""
ASAP-0029825,"",5.231,""
ASAP-0029824,"",> 99.500,""
ASAP-0029822,"",49.989,""
ASAP-0029820,"",> 99.500,""
ASAP-0029819,"",16.249,""
ASAP-0029818,"",23.660,""
ASAP-0029815,"",> 99.500,""
ASAP-0029811,"",13.769,""
ASAP-0029810,"",> 99.500,""
ASAP-0029809,"",16.543,""
ASAP-0029807,"",> 99.500,""
ASAP-0029806,"",13.284,""
ASAP-0029805,"",0.015,0.990
ASAP-0029799,"",> 99.500,""
ASAP-0029798,"",14.848,""
ASAP-0029794,"",6.031,""
ASAP-0029793,"",15.190,""
ASAP-0029791,"",28.604,> 99.500
ASAP-0029789,"",> 99.500,""
ASAP-0029787,"",17.247,(IC50 could not be calculated)
ASAP-0029784,"",> 99.500,""
ASAP-0029779,"",> 99.500,""
ASAP-0029776,"",90.788,""
ASAP-0029775,"",37.967,""
ASAP-0029772,"",> 99.500,""
ASAP-0029767,"",19.671,""
ASAP-0029765,"",26.935,""
ASAP-0029759,"",> 99.500,""
ASAP-0029754,"",64.609,""
ASAP-0029752,"",> 99.500,> 99.500
ASAP-0029746,"",0.699,(IC50 could not be calculated)
ASAP-0029742,"",8.384,""
ASAP-0029741,"",0.013,0.477
ASAP-0029738,"",2.107,(IC50 could not be calculated)
ASAP-0029736,"",> 99.500,""
ASAP-0029734,"",54.285,""
ASAP-0029733,"",0.027,0.982
ASAP-0029731,"",2.924,(IC50 could not be calculated)
ASAP-0029730,"",> 99.500,""
ASAP-0029727,"",53.405,""
ASAP-0029722,"",11.856,> 99.500
ASAP-0029720,"",> 99.500,""
ASAP-0029716,"",17.470,""
ASAP-0029712,"",27.963,(IC50 could not be calculated)
ASAP-0029710,"",7.012,(IC50 could not be calculated)
ASAP-0029708,"",28.069,""
ASAP-0029707,"",2.173,(IC50 could not be calculated)
ASAP-0029701,"",13.072,""
ASAP-0029700,"",3.229,(IC50 could not be calculated)
ASAP-0029699,"",3.978,(IC50 could not be calculated)
ASAP-0029697,"",1.711,(IC50 could not be calculated)
ASAP-0029696,"",10.082,""
ASAP-0029695,"",46.357,""
ASAP-0029694,"",0.002,0.092
ASAP-0029690,"",0.010,0.463
ASAP-0029688,"",> 99.500,""
ASAP-0029684,"",0.009,0.454
ASAP-0029683,"",0.002,0.135
ASAP-0029680,"",2.609,(IC50 could not be calculated)
ASAP-0029679,"",0.006,0.306
ASAP-0029676,"",> 99.500,""
ASAP-0029674,"",2.126,(IC50 could not be calculated)
ASAP-0029673,"",5.747,""
ASAP-0029671,"",51.436,""
ASAP-0029665,"",40.283,""
ASAP-0029664,"",68.477,""
ASAP-0029663,"",86.906,""
ASAP-0029662,"",10.839,""
ASAP-0029661,"",0.012,0.459
ASAP-0029657,"",0.913,(IC50 could not be calculated)
ASAP-0029656,"",11.113,""
ASAP-0029653,"",1.400,(IC50 could not be calculated)
ASAP-0029652,"",0.004,0.137
ASAP-0029651,"",0.011,0.440
ASAP-0029648,"",25.162,""
ASAP-0029643,"",0.018,0.432
ASAP-0029639,"",4.373,> 99.500
ASAP-0029634,"",1.359,(IC50 could not be calculated)
ASAP-0029631,"",> 99.500,""
ASAP-0029628,"",1.620,(IC50 could not be calculated)
ASAP-0029620,"",48.371,""
ASAP-0029617,"",> 99.500,""
ASAP-0029615,"",0.006,0.355
ASAP-0029611,"",54.649,""
ASAP-0029609,"",4.732,(IC50 could not be calculated)
ASAP-0029604,"",0.464,(IC50 could not be calculated)
ASAP-0029602,"",2.738,> 99.500
ASAP-0029601,"",0.005,0.273
ASAP-0029600,"",4.888,(IC50 could not be calculated)
ASAP-0029598,"",1.169,(IC50 could not be calculated)
ASAP-0029596,"",27.019,""
ASAP-0029591,"",6.722,(IC50 could not be calculated)
ASAP-0029587,"",25.643,""
ASAP-0029583,"",30.064,""
ASAP-0029582,"",3.691,(IC50 could not be calculated)
ASAP-0029579,"",3.087,(IC50 could not be calculated)
ASAP-0029578,"",0.010,0.413
ASAP-0029576,"",9.996,""
ASAP-0029574,"",> 99.500,""
ASAP-0029573,"",53.030,> 99.500
ASAP-0029572,"",0.274,0.987
ASAP-0029568,"",0.004,0.227
ASAP-0029565,"",4.623,> 99.500
ASAP-0029564,"",6.379,""
ASAP-0029561,"",49.724,""
ASAP-0029560,"",0.002,0.095
ASAP-0029558,"",35.156,> 99.500
ASAP-0029557,"",25.554,""
ASAP-0029556,"",37.301,""
ASAP-0029551,"",7.741,(IC50 could not be calculated)
ASAP-0029550,"",10.185,(IC50 could not be calculated)
ASAP-0029547,"",0.002,0.605
ASAP-0029545,"",49.901,""
ASAP-0029539,"",1.208,(IC50 could not be calculated)
ASAP-0029537,"",13.276,""
ASAP-0029536,"",7.792,""
ASAP-0029535,"",61.199,""
ASAP-0029531,"",> 99.500,""
ASAP-0029528,"",63.233,""
ASAP-0029527,"",56.475,""
ASAP-0029524,"",34.863,""
ASAP-0029523,"",> 99.500,""
ASAP-0029522,"",39.070,""
ASAP-0029511,"",> 99.500,""
ASAP-0029510,"",45.866,""
ASAP-0029509,"",96.930,""
ASAP-0029502,"",4.737,(IC50 could not be calculated)
ASAP-0029500,"",45.843,""
ASAP-0029499,"",72.628,""
ASAP-0029495,"",13.840,""
ASAP-0029494,"",3.261,> 99.500
ASAP-0029492,"",0.004,0.129
ASAP-0029490,"",57.925,""
ASAP-0029489,"",64.623,""
ASAP-0029488,"",16.772,""
ASAP-0029487,"",17.717,""
ASAP-0029485,"",67.216,""
ASAP-0029484,"",0.005,0.126
ASAP-0029483,"",53.815,""
ASAP-0029482,"",23.965,""
ASAP-0029481,"",> 99.500,""
ASAP-0029478,"",0.005,0.309
ASAP-0029477,"",> 99.500,""
ASAP-0029476,"",5.947,> 99.500
ASAP-0029475,"",43.141,""
ASAP-0029474,"",72.716,""
ASAP-0029472,"",38.253,""
ASAP-0029469,"",0.024,0.139
ASAP-0029465,"",9.747,""
ASAP-0029464,"",6.326,""
ASAP-0029461,"",> 99.500,""
ASAP-0029460,"",1.613,> 99.500
ASAP-0029459,"",21.771,""
ASAP-0029456,"",> 99.500,""
ASAP-0029453,"",> 99.500,""
ASAP-0029452,"",71.593,""
ASAP-0029449,"",88.789,""
ASAP-0029448,"",1.342,(IC50 could not be calculated)
ASAP-0029447,"",28.482,""
ASAP-0029444,"",45.370,""
ASAP-0029443,"",> 99.500,""
ASAP-0029439,"",58.711,""
ASAP-0029438,"",6.780,""
ASAP-0029437,"",> 99.500,""
ASAP-0029436,"",> 99.500,""
ASAP-0029434,"",55.984,""
ASAP-0029431,"",> 99.500,""
ASAP-0029428,"",> 99.500,""
ASAP-0029426,"",23.593,""
ASAP-0029425,"",33.749,""
ASAP-0029423,"",0.595,(IC50 could not be calculated)
ASAP-0029422,"",0.002,0.128
ASAP-0029420,"",> 99.500,""
ASAP-0029418,"",13.440,""
ASAP-0029417,"",7.993,""
ASAP-0029416,"",0.059,0.631
ASAP-0029414,"",48.046,""
ASAP-0029413,"",31.129,""
ASAP-0029411,"",27.025,""
ASAP-0029408,"",1.250,(IC50 could not be calculated)
ASAP-0029407,"",6.859,""
ASAP-0029405,"",88.042,""
ASAP-0029403,"",10.922,""
ASAP-0029402,"",23.581,""
ASAP-0029400,"",5.819,> 99.500
ASAP-0029398,"",0.005,0.133
ASAP-0029396,"",58.423,""
ASAP-0029392,"",95.154,""
ASAP-0029386,"",0.008,0.386
ASAP-0029383,"",> 99.500,""
ASAP-0029380,"",> 99.500,""
ASAP-0029378,"",> 99.500,""
ASAP-0029370,"",0.043,0.986
ASAP-0029366,"",> 99.500,""
ASAP-0029365,"",13.093,""
ASAP-0029364,"",> 99.500,""
ASAP-0029363,"",1.285,(IC50 could not be calculated)
ASAP-0029358,"",55.521,""
ASAP-0029356,"",> 99.500,""
ASAP-0029353,"",7.491,""
ASAP-0029348,"",> 99.500,""
ASAP-0029346,"",5.445,""
ASAP-0029343,"",0.893,(IC50 could not be calculated)
ASAP-0029342,"",26.777,""
ASAP-0029340,"",0.020,0.365
ASAP-0029339,"",> 99.500,""
ASAP-0029337,"",8.437,""
ASAP-0029335,"",92.564,""
ASAP-0029333,"",4.337,(IC50 could not be calculated)
ASAP-0029324,"",68.212,""
ASAP-0029319,"",> 99.500,""
ASAP-0029315,"",92.097,""
ASAP-0029313,"",8.608,""
ASAP-0029303,"",1.044,2.660
ASAP-0029300,"",49.489,""
ASAP-0029298,"",0.019,0.402
ASAP-0029293,"",34.536,""
ASAP-0029289,"",22.463,""
ASAP-0029287,"",0.339,(IC50 could not be calculated)
ASAP-0029282,"",56.562,""
ASAP-0029276,"",85.523,""
ASAP-0029273,"",0.018,0.433
ASAP-0029271,"",6.928,""
ASAP-0029121,"",0.002,0.129
ASAP-0029104,"",0.002,0.235
ASAP-0029065,"",0.009,0.488
ASAP-0029049,"",22.334,33.612
ASAP-0029043,"",0.001,0.101
ASAP-0029037,"",0.221,1.706
ASAP-0029028,"",0.002,0.138
ASAP-0029024,"",0.012,0.434
ASAP-0029008,"",0.003,0.134
ASAP-0028999,"",0.623,(IC50 could not be calculated)
ASAP-0028977,"",23.816,> 99.500
ASAP-0028951,"",0.004,0.312
ASAP-0028950,"",0.006,0.394
ASAP-0028949,"",0.004,0.296
ASAP-0028948,"",0.002,0.100
ASAP-0028947,"",0.007,0.609
ASAP-0028946,"",0.002,0.133
ASAP-0028945,"",0.001,0.102
ASAP-0028944,"",0.001,0.081
ASAP-0028941,"",0.002,0.329
ASAP-0028936,"",0.003,0.145
ASAP-0028935,"",0.008,2.335
ASAP-0028934,"",27.689,> 99.500
ASAP-0028932,"",0.027,0.968
ASAP-0028931,"",0.002,0.218
ASAP-0028930,"",> 99.500,> 99.500
ASAP-0028927,"",> 99.500,> 99.500
ASAP-0028920,"",0.002,0.138
ASAP-0028919,"",0.002,0.133
ASAP-0028917,"",0.002,0.347
ASAP-0028909,"",0.001,0.102
ASAP-0028907,"",0.001,0.091
ASAP-0028906,"",0.004,0.443
ASAP-0028899,"",0.055,1.922
ASAP-0028893,"",0.002,0.112
ASAP-0028890,"",> 99.500,> 99.500
ASAP-0028889,"",> 99.500,> 99.500
ASAP-0028886,"",0.001,0.111
ASAP-0028881,"",> 99.500,> 99.500
ASAP-0028872,"",45.145,> 99.500
ASAP-0028869,"",> 99.500,> 99.500
ASAP-0028868,"",0.005,0.808
ASAP-0028867,"",60.596,> 99.500
ASAP-0028866,"",> 99.500,> 99.500
ASAP-0028860,"",0.010,1.348
ASAP-0028858,"",0.620,> 99.500
ASAP-0028857,"",> 99.500,> 99.500
ASAP-0028856,"",1.878,(IC50 could not be calculated)
ASAP-0028855,"",9.713,> 99.500
ASAP-0028844,"",39.629,> 99.500
ASAP-0028843,"",> 99.500,> 99.500
ASAP-0028841,"",> 99.500,> 99.500
ASAP-0028838,"",6.667,(IC50 could not be calculated)
ASAP-0028837,"",0.136,(IC50 could not be calculated)
ASAP-0028833,"",76.798,> 99.500
ASAP-0028832,"",3.618,(IC50 could not be calculated)
ASAP-0028830,"",> 99.500,> 99.500
ASAP-0028829,"",36.053,> 99.500
ASAP-0028826,"",0.008,1.732
ASAP-0028825,"",0.013,1.567
ASAP-0028823,"",0.408,> 99.500
ASAP-0028820,"",0.312,(IC50 could not be calculated)
ASAP-0028819,"",7.500,(IC50 could not be calculated)
ASAP-0028818,"",0.339,(IC50 could not be calculated)
ASAP-0028815,"",68.509,> 99.500
ASAP-0028814,"",0.024,2.597
ASAP-0028813,"",0.013,2.348
ASAP-0028810,"",> 99.500,> 99.500
ASAP-0028809,"",0.008,1.019
ASAP-0028804,"",81.434,> 99.500
ASAP-0028028,"",0.001,0.087
ASAP-0028021,"",0.001,0.115
ASAP-0028012,"",42.497,> 99.500
ASAP-0028010,"",0.009,1.102
ASAP-0028008,"",0.017,1.252
ASAP-0028005,"",38.228,> 99.500
ASAP-0028004,"",23.189,> 99.500
ASAP-0028002,"",0.590,(IC50 could not be calculated)
ASAP-0028001,"",1.678,> 99.500
ASAP-0027999,"",0.002,0.192
ASAP-0027997,"",18.230,(IC50 could not be calculated)
ASAP-0027994,"",1.983,(IC50 could not be calculated)
ASAP-0027990,"",0.002,1.091
ASAP-0027986,"",> 99.500,> 99.500
ASAP-0027985,"",0.008,0.833
ASAP-0027976,"",0.534,(IC50 could not be calculated)
ASAP-0027975,"",14.724,> 99.500
ASAP-0027974,"",0.018,1.485
ASAP-0027971,"",36.921,> 99.500
ASAP-0027969,"",13.359,> 99.500
ASAP-0027968,"",1.104,> 99.500
ASAP-0027949,"",12.625,(IC50 could not be calculated)
ASAP-0027948,"",> 99.500,> 99.500
ASAP-0027945,"",0.002,0.133
ASAP-0027942,"",> 99.500,> 99.500
ASAP-0027939,"",0.003,0.367
ASAP-0027938,"",0.003,0.371
ASAP-0027937,"",0.004,0.305
ASAP-0027930,"",> 99.500,> 99.500
ASAP-0027927,"",> 99.500,> 99.500
ASAP-0027924,"",10.269,> 99.500
ASAP-0027877,"",< 0.001,0.051
ASAP-0027871,"",0.001,0.109
ASAP-0027870,"",0.002,0.137
ASAP-0027860,"",0.017,1.077
ASAP-0027848,"",0.003,0.381
ASAP-0027844,"",0.008,0.848
ASAP-0027838,"",0.001,0.131
ASAP-0027836,"","",""
ASAP-0027832,"",> 99.500,> 99.500
ASAP-0027831,"",0.001,0.262
ASAP-0027823,"",77.791,27.632
ASAP-0027821,"",0.001,0.085
ASAP-0027820,"",0.002,0.072
ASAP-0027819,"",0.006,0.398
ASAP-0027818,"",0.001,0.097
ASAP-0027809,"",0.005,1.151
ASAP-0027802,"",0.005,0.763
ASAP-0027801,"",0.001,0.077
ASAP-0027797,"",0.001,0.088
ASAP-0027795,"",0.002,0.123
ASAP-0027791,"",0.010,1.391
ASAP-0027783,"",0.001,0.084
ASAP-0027780,"",0.008,0.446
ASAP-0027774,"",0.012,1.009
ASAP-0027773,"",0.004,0.459
ASAP-0027765,"",0.002,0.178
ASAP-0027755,"",0.002,0.129
ASAP-0027737,"",0.002,0.298
ASAP-0027733,"",0.001,0.091
ASAP-0027691,"",0.002,0.137
ASAP-0027690,"",0.024,1.423
ASAP-0027689,"",0.012,1.249
ASAP-0027688,"",0.002,0.251
ASAP-0027687,"",0.006,0.958
ASAP-0027686,"",0.001,0.095
ASAP-0027685,"",0.001,0.104
ASAP-0027684,"",0.001,0.134
ASAP-0027683,"",0.001,0.131
ASAP-0027682,"",0.001,0.132
ASAP-0027681,"",0.005,0.713
ASAP-0027680,"",0.004,0.650
ASAP-0027679,"",0.001,0.106
ASAP-0027678,"",0.001,0.109
ASAP-0027677,"",0.002,0.298
ASAP-0027676,"",0.001,0.132
ASAP-0027675,"",0.001,0.054
ASAP-0027639,"",0.002,0.133
ASAP-0027631,"",0.022,(IC50 could not be calculated)
ASAP-0027591,"",0.005,1.554
ASAP-0027567,"",0.002,0.560
ASAP-0027562,"",0.001,0.129
ASAP-0023511,"",0.003,0.912
ASAP-0023481,"",0.002,0.339
ASAP-0023469,"",0.002,0.343
ASAP-0023457,"",0.002,0.405
ASAP-0023449,"",0.001,0.342
ASAP-0023389,"",0.003,0.768
ASAP-0023368,"",0.002,0.333
ASAP-0023359,"",0.002,0.705
ASAP-0023351,"",0.002,0.394
ASAP-0023195,"",0.018,0.959
ASAP-0023194,"",0.002,0.943
ASAP-0023193,"",0.002,0.375
ASAP-0023179,"",> 99.500,9.639
ASAP-0022997,"",0.003,0.532
ASAP-0022941,"",0.027,0.746
ASAP-0022922,"",6.255,1.755
ASAP-0022467,"",0.009,2.378
ASAP-0022467,"",0.012,""
ASAP-0022466,"",0.003,0.880
ASAP-0022466,"",0.004,""
ASAP-0022465,"",0.015,2.252
ASAP-0022465,"",0.019,""
ASAP-0022464,"",0.002,0.132
ASAP-0022464,"",0.002,""
ASAP-0022459,"",0.006,5.655
ASAP-0022459,"",0.005,""
ASAP-0022458,"",0.059,3.055
ASAP-0022458,"",0.040,""
ASAP-0022457,"",1.854,> 99.500
ASAP-0022457,"",1.305,""
ASAP-0022456,"",0.039,1.507
ASAP-0022456,"",0.030,""
ASAP-0021629,"",0.002,0.420
ASAP-0021629,"",0.004,""
ASAP-0021240,"",0.001,0.116
ASAP-0021226,"",0.005,0.129
ASAP-0021223,"",0.004,0.430
ASAP-0021184,"",0.004,0.790
ASAP-0021181,"",0.024,1.068
ASAP-0021176,"",0.001,0.091
ASAP-0021174,"",0.136,> 99.500
ASAP-0021173,"",1.789,2.293
ASAP-0021170,"",0.003,0.417
ASAP-0021103,"",3.932,(IC50 could not be calculated)
ASAP-0021090,"",0.003,0.942
ASAP-0021055,"",55.426,> 99.500
ASAP-0020981,"",0.002,0.055
ASAP-0020966,"",0.002,0.050
ASAP-0020960,"",0.006,0.121
ASAP-0020945,"",0.006,0.146
ASAP-0020941,"",1.312,> 99.500
ASAP-0020888,"",0.002,0.039
ASAP-0020885,"",0.004,0.463
ASAP-0017740,"",0.038,0.489
ASAP-0017740,"",0.038,""
ASAP-0017727,"",0.031,0.496
ASAP-0017727,"",0.031,""
ASAP-0017714,"",0.002,0.103
ASAP-0017714,"",0.002,""
ASAP-0017685,"",0.005,34.138
ASAP-0017685,"",0.005,""
ASAP-0017681,"",0.004,0.103
ASAP-0017681,"",0.004,""
ASAP-0017664,"",0.101,0.982
ASAP-0017664,"",0.101,""
ASAP-0017661,"",0.005,0.128
ASAP-0017661,"",0.005,""
ASAP-0017656,"",0.002,0.048
ASAP-0017656,"",0.002,""
ASAP-0017653,"",0.005,0.079
ASAP-0017653,"",0.005,""
ASAP-0017647,"",0.002,0.040
ASAP-0017647,"",0.002,""
ASAP-0017451,"",0.121,8.762
ASAP-0017450,"",0.039,0.641
ASAP-0017449,"",0.004,0.056
ASAP-0017448,"",0.003,0.111
ASAP-0017447,"",0.055,1.578
ASAP-0017446,"",0.002,0.043
ASAP-0017445,"",0.001,0.092
ASAP-0017445,"",0.002,0.047
ASAP-0017445,"",0.001,0.094
ASAP-0017433,"",> 99.500,> 99.500
ASAP-0017428,"",16.310,7.468
ASAP-0017420,"",> 99.500,> 99.500
ASAP-0017393,"",2.561,35.564
ASAP-0017386,"",0.043,9.919
ASAP-0017370,"",0.002,0.177
ASAP-0017339,"",0.003,2.200
ASAP-0017328,"",0.009,0.971
ASAP-0017239,"",0.004,0.155
ASAP-0017238,"",0.002,0.069
ASAP-0017148,"",10.140,11.796
ASAP-0017058,"",0.050,0.887
ASAP-0017057,"",0.002,1.026
ASAP-0017056,"",0.015,0.433
ASAP-0016983,"",0.139,7.886
ASAP-0016974,"",0.002,0.144
ASAP-0016973,"",44.252,> 99.500
ASAP-0016902,"",0.002,5.241
ASAP-0016846,"",0.029,0.191
ASAP-0016845,"",0.002,0.115
ASAP-0016838,"",0.555,(IC50 could not be calculated)
ASAP-0016823,"",0.036,0.322
ASAP-0016819,"",0.039,0.410
ASAP-0016748,"",> 99.500,> 99.500
ASAP-0016593,"",0.005,0.435
ASAP-0016592,"",0.009,6.191
ASAP-0016591,"",0.027,1.320
ASAP-0016548,"",> 99.500,> 99.500
ASAP-0016547,"",1.296,7.881
ASAP-0016546,"",0.130,10.258
ASAP-0016545,"",0.008,0.916
ASAP-0016544,"",0.023,8.244
ASAP-0016543,"",0.194,> 99.500
ASAP-0016542,"",0.040,2.424
ASAP-0016541,"",0.013,2.474
ASAP-0016540,"",0.101,1.155
ASAP-0016539,"",0.010,0.127
ASAP-0016511,"",0.054,2.533
ASAP-0016510,"",0.002,0.317
ASAP-0016509,"",0.003,0.121
ASAP-0016508,"",0.051,9.639
ASAP-0016507,"",0.003,0.121
ASAP-0016506,"",0.001,0.064
ASAP-0016505,"",0.001,0.184
ASAP-0016504,"",0.007,1.375
ASAP-0016503,"",0.035,0.747
ASAP-0016440,"",63.146,91.232
ASAP-0016439,"",> 99.500,> 99.500
ASAP-0016438,"",4.825,68.716
ASAP-0016433,"",0.020,(IC50 could not be calculated)
ASAP-0016432,"",1.713,> 99.500
ASAP-0016377,"",0.025,0.393
ASAP-0016376,"",0.004,0.431
ASAP-0016375,"",0.005,0.118
ASAP-0016110,"",0.013,1.252
ASAP-0016106,"",0.010,1.086
ASAP-0016104,"",2.942,> 99.500
ASAP-0016101,"",0.008,1.207
ASAP-0016097,"",0.002,0.113
ASAP-0016094,"",0.018,0.815
ASAP-0015916,"",0.075,1.134
ASAP-0015913,"",0.096,1.341
ASAP-0015910,"",0.065,0.867
ASAP-0015906,"",0.029,0.502
ASAP-0015904,"",0.026,0.411
ASAP-0015900,"",0.024,4.099
ASAP-0015896,"",0.002,0.630
ASAP-0015780,"",1.429,> 99.500
ASAP-0015777,"",0.075,28.316
ASAP-0015773,"",0.011,5.264
ASAP-0015679,"",0.030,2.187
ASAP-0015677,"",0.023,1.054
ASAP-0015672,"",0.013,1.069
ASAP-0015669,"",0.016,1.163
ASAP-0015666,"",0.022,1.646
ASAP-0015663,"",0.024,1.279
ASAP-0015660,"",0.011,1.101
ASAP-0015657,"",0.014,1.017
ASAP-0015656,"",0.014,0.595
ASAP-0015652,"",0.005,1.172
ASAP-0015652,"",0.005,1.338
ASAP-0015648,"",0.007,5.586
ASAP-0015646,"",0.002,0.056
ASAP-0015642,"",0.003,1.103
ASAP-0015638,"",0.003,2.588
ASAP-0015522,"",2.794,> 99.500
ASAP-0015521,"",0.008,0.396
ASAP-0015517,"",0.002,0.392
ASAP-0015514,"",0.027,2.138
ASAP-0015512,"",0.052,6.963
ASAP-0015508,"",0.037,1.718
ASAP-0015389,"",0.019,5.357
ASAP-0015385,"",0.010,1.975
ASAP-0015380,"",0.031,9.897
ASAP-0015376,"",0.014,1.561
ASAP-0015306,"",0.003,0.175
ASAP-0015301,"",0.003,0.318
ASAP-0015297,"",0.030,5.220
ASAP-0015294,"",0.006,1.550
ASAP-0015290,"",0.132,13.646
ASAP-0015242,"",0.003,2.219
ASAP-0015239,"",0.007,0.166
ASAP-0015235,"",0.042,2.459
ASAP-0015232,"",0.013,1.547
ASAP-0015229,"",0.004,1.985
ASAP-0015227,"",0.006,0.748
ASAP-0015225,"",0.007,2.555
ASAP-0015223,"",0.037,3.778
ASAP-0015219,"",0.031,2.580
ASAP-0015114,"",0.058,1.128
ASAP-0015110,"",0.003,0.475
ASAP-0015108,"",0.011,0.215
ASAP-0015105,"",0.012,1.342
ASAP-0015102,"",0.003,0.300
ASAP-0015099,"",0.004,0.721
ASAP-0015096,"",0.004,0.663
ASAP-0015092,"",0.027,1.144
ASAP-0015090,"",0.003,0.170
ASAP-0015085,"",0.005,1.125
ASAP-0015079,"",14.391,> 99.500
ASAP-0015078,"",0.007,2.534
ASAP-0014973,"",0.139,1.915
ASAP-0014970,"",0.020,0.402
ASAP-0014966,"",0.009,0.877
ASAP-0014963,"",0.016,2.105
ASAP-0014959,"",0.010,1.265
ASAP-0014956,"",0.192,13.888
ASAP-0014955,"",0.028,2.618
ASAP-0014951,"",0.008,0.200
ASAP-0014948,"",0.047,3.440
ASAP-0014946,"",0.682,(IC50 could not be calculated)
ASAP-0014943,"",0.008,0.890
ASAP-0014938,"",0.054,2.573
ASAP-0014936,"",0.068,7.093
ASAP-0014931,"",0.017,1.011
ASAP-0014925,"",0.003,0.032
ASAP-0014900,"",0.012,1.235
ASAP-0014889,"",0.012,1.473
ASAP-0014888,"",0.006,0.434
ASAP-0014887,"",0.032,0.284
ASAP-0014886,"",0.005,0.292
ASAP-0014882,"",0.159,9.633
ASAP-0014881,"",0.094,2.516
ASAP-0014800,"",0.004,0.546
ASAP-0014797,"",0.003,0.109
ASAP-0014794,"",0.010,0.604
ASAP-0014791,"",0.066,8.010
ASAP-0014789,"",0.036,2.250
ASAP-0014786,"",0.003,0.054
ASAP-0014784,"",0.377,2.549
ASAP-0014780,"",0.816,34.749
ASAP-0014776,"",0.007,0.489
ASAP-0014773,"",0.009,0.463
ASAP-0014770,"",0.015,0.782
ASAP-0014769,"",0.479,25.214
ASAP-0014764,"",0.014,0.846
ASAP-0014762,"",0.211,9.371
ASAP-0014758,"",0.225,9.540
ASAP-0014753,"",0.035,0.976
ASAP-0014750,"",0.009,0.266
ASAP-0014745,"",0.121,7.902
ASAP-0014740,"",1.178,(IC50 could not be calculated)
ASAP-0014717,"",0.019,1.196
ASAP-0014654,"",89.112,(IC50 could not be calculated)
ASAP-0014649,"",0.023,92.610
ASAP-0014646,"",0.062,15.461
ASAP-0014638,"",0.064,10.273
ASAP-0014632,"",0.097,9.908
ASAP-0014619,"",0.082,(IC50 could not be calculated)
ASAP-0014618,"",0.028,(IC50 could not be calculated)
ASAP-0014613,"",0.011,1.216
ASAP-0014612,"",0.017,8.765
ASAP-0014608,"",0.008,5.403
ASAP-0014582,"",0.123,8.118
ASAP-0014572,"",0.379,(IC50 could not be calculated)
ASAP-0014554,"",2.142,(IC50 could not be calculated)
ASAP-0014553,"",0.561,21.939
ASAP-0014551,"",0.013,1.387
ASAP-0014544,"",0.036,0.474
ASAP-0014213,"",39.468,> 99.500
ASAP-0014212,"",0.029,7.832
ASAP-0013925,"",0.031,1.456
ASAP-0013898,"",0.022,1.281
ASAP-0013894,"",0.007,1.385
ASAP-0013893,"",0.012,2.190
ASAP-0013892,"",0.002,1.882
ASAP-0013891,"",0.010,2.500
ASAP-0013890,"",0.029,0.868
ASAP-0013889,"",0.175,24.190
ASAP-0013836,"",2.846,(IC50 could not be calculated)
ASAP-0013834,"",0.187,(IC50 could not be calculated)
ASAP-0013832,"",0.116,17.396
ASAP-0013814,"",0.004,11.370
ASAP-0013743,"",0.959,(IC50 could not be calculated)
ASAP-0013743,"",0.012,> 49.750
ASAP-0013739,"",0.010,2.510
ASAP-0013735,"",0.422,23.042
ASAP-0013731,"",0.014,2.365
ASAP-0013722,"",0.012,0.471
ASAP-0013721,"",0.389,10.367
ASAP-0013720,"",0.366,10.344
ASAP-0013719,"",0.670,10.818
ASAP-0013718,"",0.938,(IC50 could not be calculated)
ASAP-0013717,"",0.221,(IC50 could not be calculated)
ASAP-0013716,"",0.004,10.192
ASAP-0013715,"",28.385,9.534
ASAP-0013713,"",34.712,> 99.500
ASAP-0013646,"",9.215,3.616
ASAP-0013629,CDD-4500836,> 99.500,> 99.500
ASAP-0013612,"",0.589,17.244
ASAP-0013423,"",0.146,8.075
ASAP-0013423,"",0.071,5.503
ASAP-0013414,"",0.034,0.802
ASAP-0013414,"",< 0.050,0.471
ASAP-0013413,"",0.083,1.721
ASAP-0013413,"",< 0.050,1.181
ASAP-0013412,"",0.049,2.313
ASAP-0013412,"",< 0.050,1.511
ASAP-0013407,"",0.125,8.277
ASAP-0013407,"",0.058,5.186
ASAP-0013405,"",0.180,9.820
ASAP-0013405,"",0.094,7.108
ASAP-0013404,"",0.273,> 99.500
ASAP-0013404,"",0.147,> 99.500
ASAP-0013403,"",40.390,> 99.500
ASAP-0013403,"",21.608,> 99.500
ASAP-0013402,"",96.145,> 99.500
ASAP-0013402,"",50.875,> 99.500
ASAP-0013401,"",> 99.500,> 99.500
ASAP-0013400,"",1.048,(IC50 could not be calculated)
ASAP-0013400,"",1.178,(IC50 could not be calculated)
ASAP-0013398,"",0.053,1.198
ASAP-0013398,"",< 0.050,0.817
ASAP-0013397,"",0.031,1.816
ASAP-0013397,"",< 0.050,1.261
ASAP-0013315,"",3.457,> 99.500
ASAP-0013315,"",3.399,(IC50 could not be calculated)
ASAP-0013314,"",> 99.500,> 99.500
ASAP-0013313,"",0.499,(IC50 could not be calculated)
ASAP-0013312,"",75.472,> 99.500
ASAP-0013311,"",56.270,> 99.500
ASAP-0013310,"",0.467,(IC50 could not be calculated)
ASAP-0013309,"",1.018,(IC50 could not be calculated)
ASAP-0013308,"",31.084,> 99.500
ASAP-0013307,"",0.039,2.457
ASAP-0013306,"",47.147,> 99.500
ASAP-0013305,"",0.210,10.194
ASAP-0013304,"",0.341,(IC50 could not be calculated)
ASAP-0013303,"",0.249,(IC50 could not be calculated)
ASAP-0013302,"",0.037,(IC50 could not be calculated)
ASAP-0013301,"",0.081,1.478
ASAP-0013300,"",0.022,0.410
ASAP-0013299,"",0.003,0.133
ASAP-0013299,"",0.005,0.221
ASAP-0013299,"",0.004,0.399
ASAP-0013298,"",0.027,0.494
ASAP-0013297,"",1.058,(IC50 could not be calculated)
ASAP-0013279,"",0.055,13.172
ASAP-0013274,"",0.018,1.792
ASAP-0013273,"",0.013,0.882
ASAP-0013272,"",0.027,2.406
ASAP-0013270,"",3.320,> 99.500
ASAP-0013268,"",0.467,(IC50 could not be calculated)
ASAP-0013267,"",0.029,5.447
ASAP-0013266,"",0.010,2.145
ASAP-0013265,"",0.003,1.204
ASAP-0013264,"",0.008,2.286
ASAP-0013263,"",0.005,2.613
ASAP-0013262,"",0.052,9.773
ASAP-0013261,"",0.856,(IC50 could not be calculated)
ASAP-0013251,"",6.621,> 99.500
ASAP-0013249,"",0.482,0.637
ASAP-0012422,"",6.314,(IC50 could not be calculated)
ASAP-0012347,"",> 99.500,> 99.500
ASAP-0012345,"",> 99.500,(IC50 could not be calculated)
ASAP-0012343,"",28.013,> 99.500
ASAP-0012341,"",16.906,> 99.500
ASAP-0012339,"",0.108,9.084
ASAP-0012337,"",0.037,2.570
ASAP-0012335,"",0.023,5.841
ASAP-0012333,"",0.059,7.698
ASAP-0012331,"",0.078,7.948
ASAP-0012326,"",10.148,(IC50 could not be calculated)
ASAP-0012314,"",> 99.500,> 99.500
ASAP-0012246,"",> 0.396,> 0.396
ASAP-0012230,"",> 0.396,> 0.396
ASAP-0012195,"",> 0.198,""
ASAP-0012168,"",0.292,> 0.396
ASAP-0012097,"",> 0.396,> 0.396
ASAP-0011947,"",> 0.396,> 0.396
ASAP-0011913,"",> 0.396,> 0.396
ASAP-0011892,"",> 0.396,> 0.396
ASAP-0011793,"",> 0.198,""
ASAP-0011716,"",> 0.198,""
ASAP-0011711,"",> 0.198,""
ASAP-0011676,"",0.145,""
ASAP-0011656,"",0.033,""
ASAP-0011630,"",> 0.198,""
ASAP-0011599,"",> 0.198,""
ASAP-0011575,"",> 0.198,""
ASAP-0011564,"",> 0.198,""
ASAP-0011533,"",13.842,(IC50 could not be calculated)
ASAP-0011532,"",0.556,32.995
ASAP-0011531,"",5.009,31.812
ASAP-0011529,"",0.112,18.972
ASAP-0011528,"",0.024,1.568
ASAP-0011527,"",79.883,> 99.500
ASAP-0011526,"",36.787,> 99.500
ASAP-0011519,"",61.296,> 99.500
ASAP-0011519,"",47.366,> 99.500
ASAP-0011518,"",14.468,> 99.500
ASAP-0011518,"",22.585,> 99.500
ASAP-0011517,"",0.630,(IC50 could not be calculated)
ASAP-0011517,"",0.900,(IC50 could not be calculated)
ASAP-0011516,"",7.062,> 99.500
ASAP-0011516,"",9.412,> 99.500
ASAP-0011515,"",18.808,> 99.500
ASAP-0011515,"",29.157,> 99.500
ASAP-0011514,"",> 99.500,> 99.500
ASAP-0011513,"",0.025,1.574
ASAP-0011512,"",82.647,> 99.500
ASAP-0011511,"",> 99.500,> 99.500
ASAP-0011510,"",> 99.500,> 99.500
ASAP-0011509,"",9.480,(IC50 could not be calculated)
ASAP-0011508,"",> 99.500,> 99.500
ASAP-0011507,"",77.823,> 99.500
ASAP-0011506,"",> 99.500,> 99.500
ASAP-0011505,"",9.702,> 99.500
ASAP-0011504,"",91.557,> 99.500
ASAP-0011503,"",21.278,> 99.500
ASAP-0011502,"",36.601,> 99.500
ASAP-0011501,"",8.219,> 99.500
ASAP-0011500,"",31.123,> 99.500
ASAP-0011499,"",32.326,> 99.500
ASAP-0011498,"",> 99.500,> 99.500
ASAP-0011497,"",> 99.500,> 99.500
ASAP-0011496,"",> 99.500,> 99.500
ASAP-0011495,"",22.364,> 99.500
ASAP-0011494,"",16.865,> 99.500
ASAP-0011493,"",12.068,(IC50 could not be calculated)
ASAP-0011492,"",8.979,> 99.500
ASAP-0011491,"",24.490,> 99.500
ASAP-0011490,"",70.273,> 99.500
ASAP-0011489,"",46.871,> 99.500
ASAP-0011488,"",> 99.500,> 99.500
ASAP-0011487,"",2.647,> 99.500
ASAP-0011486,"",> 99.500,> 99.500
ASAP-0011485,"",0.051,2.351
ASAP-0011484,"",31.117,> 99.500
ASAP-0011483,"",0.367,(IC50 could not be calculated)
ASAP-0011482,"",4.622,> 99.500
ASAP-0011481,"",17.939,> 99.500
ASAP-0011480,"",7.924,(IC50 could not be calculated)
ASAP-0011479,"",35.793,(IC50 could not be calculated)
ASAP-0011478,"",38.313,> 99.500
ASAP-0011477,"",27.580,(IC50 could not be calculated)
ASAP-0011476,"",98.087,> 99.500
ASAP-0011475,"",14.354,> 99.500
ASAP-0011474,"",21.267,(IC50 could not be calculated)
ASAP-0011473,"",9.858,> 99.500
ASAP-0011472,"",22.491,> 99.500
ASAP-0011471,"",11.268,> 99.500
ASAP-0011470,"",14.189,(IC50 could not be calculated)
ASAP-0011469,"",18.230,(IC50 could not be calculated)
ASAP-0011468,"",16.507,> 99.500
ASAP-0011467,"",28.407,(IC50 could not be calculated)
ASAP-0011466,"",22.453,> 99.500
ASAP-0011465,"",33.553,> 99.500
ASAP-0011464,"",41.952,> 99.500
ASAP-0011463,"",20.197,> 99.500
ASAP-0011462,"",> 99.500,> 99.500
ASAP-0011460,"",29.412,> 99.500
ASAP-0011458,"",13.870,(IC50 could not be calculated)
ASAP-0011456,"",8.959,(IC50 could not be calculated)
ASAP-0011454,"",55.495,> 99.500
ASAP-0011451,"",16.679,> 99.500
ASAP-0011449,"",3.297,> 99.500
ASAP-0011445,"",0.029,1.301
ASAP-0011443,"",11.598,(IC50 could not be calculated)
ASAP-0011438,"",59.802,> 99.500
ASAP-0011434,"",1.694,> 99.500
ASAP-0011430,"",0.039,13.770
ASAP-0011415,"",4.237,(IC50 could not be calculated)
ASAP-0011414,"",1.437,> 99.500
ASAP-0011412,"",29.331,> 99.500
ASAP-0011410,"",> 99.500,> 99.500
ASAP-0011408,"",0.693,(IC50 could not be calculated)
ASAP-0011405,"",47.229,> 99.500
ASAP-0011404,"",50.902,> 99.500
ASAP-0011402,"",67.859,> 99.500
ASAP-0011400,"",97.492,> 99.500
ASAP-0011398,"",57.786,> 99.500
ASAP-0011396,"",> 99.500,> 99.500
ASAP-0011394,"",> 99.500,> 99.500
ASAP-0011391,"",> 99.500,> 99.500
ASAP-0011390,"",64.989,> 99.500
ASAP-0011388,"",> 99.500,> 99.500
ASAP-0011385,"",80.079,> 99.500
ASAP-0011384,"",> 99.500,> 99.500
ASAP-0011382,"",48.367,> 99.500
ASAP-0011379,"",12.151,(IC50 could not be calculated)
ASAP-0011378,"",> 99.500,> 99.500
ASAP-0011376,"",> 99.500,> 99.500
ASAP-0011373,"",> 99.500,> 99.500
ASAP-0011371,"",> 32.340,> 99.500
ASAP-0011370,"",> 99.500,> 99.500
ASAP-0011368,"",0.093,9.793
ASAP-0011366,"",> 99.500,> 99.500
ASAP-0011364,"",16.886,> 99.500
ASAP-0011362,"",24.461,> 99.500
ASAP-0011359,"",0.031,2.213
ASAP-0011359,"",0.027,""
ASAP-0011358,"",0.535,(IC50 could not be calculated)
ASAP-0011358,"",0.534,""
ASAP-0011356,"",> 99.500,> 99.500
ASAP-0011356,"",(IC50 could not be calculated),""
ASAP-0011353,"",> 99.500,> 99.500
ASAP-0011353,"",(IC50 could not be calculated),""
ASAP-0011351,"",> 99.500,> 99.500
ASAP-0011351,"",> 99.500,""
ASAP-0011349,"",0.235,(IC50 could not be calculated)
ASAP-0011349,"",0.170,""
ASAP-0011347,"",0.179,10.013
ASAP-0011347,"",0.172,""
ASAP-0011346,"",0.469,> 99.500
ASAP-0011346,"",0.481,""
ASAP-0011343,"",0.041,2.498
ASAP-0011343,"",0.033,""
ASAP-0011342,"",> 99.500,> 99.500
ASAP-0011342,"",> 99.500,""
ASAP-0011340,"",33.118,> 99.500
ASAP-0011340,"",88.949,""
ASAP-0011338,"",0.364,(IC50 could not be calculated)
ASAP-0011338,"",0.256,""
ASAP-0011336,"",13.723,> 99.500
ASAP-0011336,"",8.539,""
ASAP-0011334,"",10.797,> 99.500
ASAP-0011332,"",15.350,> 99.500
ASAP-0011329,"",87.121,> 99.500
ASAP-0011328,"",> 99.500,> 99.500
ASAP-0011325,"",39.795,> 99.500
ASAP-0011324,"",1.023,(IC50 could not be calculated)
ASAP-0011322,"",86.956,> 99.500
ASAP-0011320,"",9.207,> 99.500
ASAP-0011318,"",11.445,> 99.500
ASAP-0011315,"",> 99.500,> 99.500
ASAP-0011314,"",17.481,(IC50 could not be calculated)
ASAP-0011312,"",10.417,> 99.500
ASAP-0011309,"",95.060,> 99.500
ASAP-0011308,"",23.308,> 99.500
ASAP-0011306,"",28.385,> 99.500
ASAP-0011304,"",87.683,> 99.500
ASAP-0011302,"",> 99.500,> 99.500
ASAP-0011300,"",17.371,> 99.500
ASAP-0011298,"",76.787,> 99.500
ASAP-0011296,"",53.358,> 99.500
ASAP-0011294,"",3.704,> 99.500
ASAP-0011292,"",10.255,> 99.500
ASAP-0011290,"",2.578,(IC50 could not be calculated)
ASAP-0011288,"",6.770,> 99.500
ASAP-0011285,"",7.815,(IC50 could not be calculated)
ASAP-0011283,"",55.472,> 99.500
ASAP-0011282,"",> 99.500,> 99.500
ASAP-0011280,"",14.554,> 99.500
ASAP-0011278,"",> 99.500,> 99.500
ASAP-0011276,"",63.227,> 99.500
ASAP-0011273,"",> 99.500,> 99.500
ASAP-0011272,"",28.553,> 99.500
ASAP-0011269,"",27.513,> 99.500
ASAP-0011268,"",9.260,> 99.500
ASAP-0011266,"",> 99.500,> 99.500
ASAP-0011263,"",> 99.500,> 99.500
ASAP-0011262,"",47.976,(IC50 could not be calculated)
ASAP-0011260,"",10.475,> 99.500
ASAP-0011258,"",32.256,> 99.500
ASAP-0011255,"",> 99.500,> 99.500
ASAP-0011254,"",13.082,(IC50 could not be calculated)
ASAP-0011250,"",> 99.500,> 99.500
ASAP-0011246,"",28.190,(IC50 could not be calculated)
ASAP-0011245,"",44.098,> 99.500
ASAP-0011241,"",15.451,> 99.500
ASAP-0011239,"",> 99.500,> 99.500
ASAP-0011235,"",5.395,(IC50 could not be calculated)
ASAP-0011233,"",0.224,(IC50 could not be calculated)
ASAP-0011232,"",1.854,> 99.500
ASAP-0011231,"",46.099,> 99.500
ASAP-0011230,"",10.120,> 99.500
ASAP-0011229,"",> 99.500,> 99.500
ASAP-0011228,"",4.513,> 99.500
ASAP-0011227,"",75.337,> 99.500
ASAP-0011226,"",18.195,> 99.500
ASAP-0011225,"",5.473,> 99.500
ASAP-0011224,"",31.589,> 99.500
ASAP-0011223,"",5.820,> 99.500
ASAP-0011222,"",27.589,> 99.500
ASAP-0011220,"",66.133,> 99.500
ASAP-0011218,"",28.244,> 99.500
ASAP-0011216,"",56.023,> 99.500
ASAP-0011214,"",19.717,> 99.500
ASAP-0011212,"",3.699,> 99.500
ASAP-0011209,"",> 99.500,> 99.500
ASAP-0011206,"",> 99.500,> 99.500
ASAP-0011202,"",1.213,9.624
ASAP-0011200,"",0.925,9.012
ASAP-0011195,"",0.637,> 99.500
ASAP-0011194,"",7.117,(IC50 could not be calculated)
ASAP-0011191,"",15.194,> 99.500
ASAP-0011187,"",37.455,> 99.500
ASAP-0011185,"",0.081,(IC50 could not be calculated)
ASAP-0011181,"",0.292,(IC50 could not be calculated)
ASAP-0011179,"",32.407,> 99.500
ASAP-0011175,"",0.520,(IC50 could not be calculated)
ASAP-0011173,"",1.441,(IC50 could not be calculated)
ASAP-0011168,"",0.498,(IC50 could not be calculated)
ASAP-0011165,"",0.110,(IC50 could not be calculated)
ASAP-0011164,"",1.620,(IC50 could not be calculated)
ASAP-0011160,"",18.336,> 99.500
ASAP-0011157,"",27.764,> 99.500
ASAP-0011155,"",2.152,> 99.500
ASAP-0011151,"",79.487,> 99.500
ASAP-0011148,"",31.100,(IC50 could not be calculated)
ASAP-0011145,"",> 99.500,> 99.500
ASAP-0011143,"",0.443,(IC50 could not be calculated)
ASAP-0011143,"","",9.567
ASAP-0011142,"",> 99.500,> 99.500
ASAP-0011142,"","",(IC50 could not be calculated)
ASAP-0011141,"",0.059,2.598
ASAP-0011141,"","",2.527
ASAP-0011140,"",0.295,(IC50 could not be calculated)
ASAP-0011140,"","",14.011
ASAP-0011139,"",0.170,(IC50 could not be calculated)
ASAP-0011139,"","",16.702
ASAP-0011138,"",0.077,7.726
ASAP-0011138,"","",4.743
ASAP-0011137,"",0.007,1.006
ASAP-0011137,"","",0.836
ASAP-0011135,"",5.557,> 99.500
ASAP-0011135,"","",(IC50 could not be calculated)
ASAP-0011133,"",0.642,(IC50 could not be calculated)
ASAP-0011133,"","",16.654
ASAP-0011131,"",16.860,> 99.500
ASAP-0011130,"",0.740,54.690
ASAP-0011129,"",0.009,1.854
ASAP-0011128,"",19.890,> 99.500
ASAP-0011127,"",0.007,7.559
ASAP-0011126,"",4.941,> 99.500
ASAP-0011125,"",0.130,> 99.500
ASAP-0011124,"",0.014,0.634
ASAP-0011067,"",0.413,27.342
ASAP-0011065,"",91.109,> 99.500
ASAP-0011062,"",12.221,> 99.500
ASAP-0011059,"",0.051,6.575
ASAP-0011059,"",< 0.050,""
ASAP-0011056,"",0.376,22.744
ASAP-0011052,"",0.019,1.410
ASAP-0011052,"",< 0.050,1.491
ASAP-0011049,"",0.015,0.741
ASAP-0011049,"",< 0.050,0.944
ASAP-0011044,"",5.265,10.203
ASAP-0011043,"",16.392,25.979
ASAP-0011042,"",60.040,> 99.500
ASAP-0011041,"",1.723,1.281
ASAP-0011040,"",8.253,> 99.500
ASAP-0011040,"",5.235,20.517
ASAP-0011039,"",3.957,> 99.500
ASAP-0011038,"",0.012,2.014
ASAP-0011038,"",< 0.050,2.669
ASAP-0011036,"",2.721,> 99.500
ASAP-0011034,"",0.005,0.642
ASAP-0011034,"",< 0.050,0.953
ASAP-0011031,"",0.006,0.731
ASAP-0011031,"",< 0.050,0.666
ASAP-0011026,"",> 99.500,> 99.500
ASAP-0011017,"",15.528,6.598
ASAP-0010940,"",3.626,44.987
ASAP-0010910,"",18.581,> 99.500
ASAP-0010758,"",1.265,> 99.500
ASAP-0010757,"",0.273,15.257
ASAP-0010756,"",3.307,> 99.500
ASAP-0010755,"",0.594,> 99.500
ASAP-0010754,"",0.348,31.119
ASAP-0010753,"",0.311,84.464
ASAP-0010753,"",0.238,24.169
ASAP-0010753,"",< 0.005,6.423
ASAP-0010753,"",< 0.050,""
ASAP-0010752,"",0.003,1.090
ASAP-0010752,"",< 0.050,1.221
ASAP-0010752,"",0.073,0.539
ASAP-0010752,"",< 0.050,""
ASAP-0010751,"",0.720,> 99.500
ASAP-0010750,"",0.442,17.435
ASAP-0010748,"",0.082,> 99.500
ASAP-0010748,"",0.068,> 99.500
ASAP-0010748,"",0.018,> 99.500
ASAP-0010748,"",< 0.050,""
ASAP-0010746,"",1.257,45.257
ASAP-0010743,"",0.020,0.542
ASAP-0010743,"",< 0.050,0.732
ASAP-0010743,"",0.132,0.242
ASAP-0010743,"",< 0.050,""
ASAP-0010742,"",0.161,24.383
ASAP-0010740,"",0.134,> 99.500
ASAP-0010740,"",0.132,23.000
ASAP-0010740,"",0.007,15.791
ASAP-0010740,"",0.102,""
ASAP-0010738,"",0.289,6.830
ASAP-0010736,"",0.337,14.606
ASAP-0010736,"","",17.595
ASAP-0010735,"",0.156,> 99.500
ASAP-0010734,"",0.078,11.409
ASAP-0010734,"",0.059,16.785
ASAP-0010726,"",0.161,80.025
ASAP-0010726,"","",5.901
ASAP-0010725,"",0.157,22.615
ASAP-0010725,"",0.101,23.829
ASAP-0010724,"",1.979,> 99.500
ASAP-0010724,"",1.258,96.490
ASAP-0010724,"",0.477,5.341
ASAP-0010724,"",0.072,4.672
ASAP-0010722,"",0.179,22.599
ASAP-0010722,"","",27.022
ASAP-0010721,"",1.316,87.909
ASAP-0010721,"",1.321,33.872
ASAP-0010721,"",0.494,9.968
ASAP-0010721,"",0.096,4.274
ASAP-0010719,"",1.124,> 99.500
ASAP-0010719,"",1.258,> 99.500
ASAP-0010719,"",0.445,12.278
ASAP-0010719,"",0.088,8.085
ASAP-0010714,"",0.362,19.955
ASAP-0010714,"","",22.184
ASAP-0010713,"",46.683,> 99.500
ASAP-0010712,"",0.107,9.911
ASAP-0010712,"",0.067,17.451
ASAP-0010711,"",0.181,8.659
ASAP-0010711,"",0.115,11.310
ASAP-0008681,"",18.567,32.416
ASAP-0008680,"",> 99.500,> 99.500
ASAP-0008677,"",> 99.500,> 99.500
ASAP-0008675,"",0.108,13.551
ASAP-0008675,"",0.101,""
ASAP-0008672,"",0.086,11.791
ASAP-0008672,"",0.078,""
ASAP-0008671,"",0.205,33.323
ASAP-0008671,"",0.266,""
ASAP-0008669,"",0.170,19.166
ASAP-0008669,"",0.143,""
ASAP-0008667,"",1.054,94.830
ASAP-0008665,"",0.037,7.720
ASAP-0008665,"",< 0.050,""
ASAP-0008663,"",16.595,> 99.500
ASAP-0008661,"",0.493,53.045
ASAP-0008659,"",0.013,> 99.500
ASAP-0008659,"",< 0.050,""
ASAP-0008653,"",0.128,9.605
ASAP-0008653,"",0.134,""
ASAP-0008652,"",28.096,> 99.500
ASAP-0008642,"",0.316,15.148
ASAP-0008639,"",0.115,17.132
ASAP-0008639,"",0.138,""
ASAP-0008638,"",4.850,> 99.500
ASAP-0008636,"",11.166,78.462
ASAP-0008635,"",21.287,> 99.500
ASAP-0008634,"",1.121,24.032
ASAP-0008632,"",65.791,> 99.500
ASAP-0008631,"",28.356,41.128
ASAP-0008629,"",5.358,13.534
ASAP-0008628,"",> 99.500,> 99.500
ASAP-0008627,"",7.474,37.523
ASAP-0008626,"",31.125,> 99.500
ASAP-0008625,"",31.405,> 99.500
ASAP-0008624,"",98.973,> 99.500
ASAP-0008612,"",10.146,> 99.500
ASAP-0008611,"",> 99.500,> 99.500
ASAP-0008609,"",10.278,79.710
ASAP-0008606,"",7.356,21.754
ASAP-0008605,"",16.708,30.311
ASAP-0008603,"",3.265,> 99.500
ASAP-0008601,"",28.434,> 99.500
ASAP-0008599,"",33.326,64.677
ASAP-0008597,"",0.127,> 99.500
ASAP-0008597,"",0.123,""
ASAP-0008595,"",15.141,19.857
ASAP-0008593,"",> 99.500,> 99.500
ASAP-0008591,"",4.158,> 99.500
ASAP-0008588,"",46.363,94.275
ASAP-0008586,"",> 99.500,> 99.500
ASAP-0008585,"",45.847,> 99.500
ASAP-0008502,"",0.006,5.355
ASAP-0008502,"",< 0.050,""
ASAP-0008501,"",19.778,> 99.500
ASAP-0008499,"",> 0.396,(IC50 could not be calculated)
ASAP-0008499,"",(IC50 could not be calculated),> 99.500
ASAP-0008499,"",5.572,""
ASAP-0008497,"",9.606,> 99.500
ASAP-0008495,"",19.635,> 99.500
ASAP-0008493,"",30.294,95.020
ASAP-0008492,"",28.567,90.170
ASAP-0008489,"",0.772,5.961
ASAP-0008488,"",1.332,15.745
ASAP-0008486,"",15.220,> 99.500
ASAP-0008483,"",7.390,> 99.500
ASAP-0008481,"",24.621,> 99.500
ASAP-0008479,"",0.850,3.233
ASAP-0008477,"",65.244,> 99.500
ASAP-0008475,"",0.204,58.487
ASAP-0008475,"",0.189,""
ASAP-0008473,"",39.372,> 99.500
ASAP-0008472,"",> 99.500,> 99.500
ASAP-0008470,"",7.450,> 99.500
ASAP-0008466,"",0.047,> 0.396
ASAP-0008466,"",0.053,48.613
ASAP-0008466,"",0.080,""
ASAP-0008466,"",< 0.050,""
ASAP-0008462,"",8.371,> 99.500
ASAP-0008461,"",7.265,> 99.500
ASAP-0008460,"",6.418,> 99.500
ASAP-0008459,"",10.805,> 99.500
ASAP-0008457,"",53.028,> 99.500
ASAP-0008456,"",67.600,> 99.500
ASAP-0008455,"",> 99.500,> 99.500
ASAP-0008454,"",> 99.500,> 99.500
ASAP-0008453,"",1.434,> 99.500
ASAP-0008452,"",0.363,19.541
ASAP-0008451,"",0.204,10.975
ASAP-0008448,"",42.127,> 99.500
ASAP-0008442,"",0.295,28.266
ASAP-0008441,"",> 99.500,> 99.500
ASAP-0008440,"",76.059,> 99.500
ASAP-0008439,"",14.045,46.052
ASAP-0008436,"",> 99.500,> 99.500
ASAP-0008434,"",12.007,> 99.500
ASAP-0008433,"",0.836,39.187
ASAP-0008432,"",93.820,> 99.500
ASAP-0008429,"",16.031,> 99.500
ASAP-0008428,"",0.466,> 99.500
ASAP-0008427,"",2.096,22.723
ASAP-0008425,"",> 99.500,> 99.500
ASAP-0008424,"",> 99.500,> 99.500
ASAP-0008420,"",0.110,9.419
ASAP-0008415,"",10.783,> 99.500
ASAP-0008412,"",> 99.500,> 99.500
ASAP-0008411,"",0.490,18.896
ASAP-0008410,"",4.148,> 99.500
ASAP-0008409,"",16.755,38.648
ASAP-0008408,"",9.910,36.470
ASAP-0008405,"",7.009,22.997
ASAP-0008404,"",8.979,31.231
ASAP-0008402,"",82.116,> 99.500
ASAP-0008401,"",2.849,12.084
ASAP-0008394,"",1.530,> 99.500
ASAP-0008393,"",7.743,18.213
ASAP-0008392,"",20.987,40.962
ASAP-0008388,"",1.619,24.598
ASAP-0008387,"",20.655,> 99.500
ASAP-0008386,"",9.189,> 99.500
ASAP-0008385,"",1.313,> 99.500
ASAP-0008384,"",11.977,> 99.500
ASAP-0008383,"",5.665,> 99.500
ASAP-0008382,"",9.523,> 99.500
ASAP-0008381,"",> 99.500,> 99.500
ASAP-0008376,"",2.994,> 99.500
ASAP-0008375,"",34.319,> 99.500
ASAP-0008374,"",4.296,10.004
ASAP-0008373,"",10.110,21.392
ASAP-0008372,"",27.260,> 99.500
ASAP-0008371,"",5.867,> 99.500
ASAP-0008370,"",3.739,> 99.500
ASAP-0008369,"",57.176,> 99.500
ASAP-0008368,"",31.932,> 99.500
ASAP-0008367,"",15.990,> 99.500
ASAP-0008366,"",20.739,> 99.500
ASAP-0008365,"",35.282,> 99.500
ASAP-0008364,"",0.665,25.016
ASAP-0008363,"",> 99.500,> 99.500
ASAP-0008362,"",1.045,> 99.500
ASAP-0008361,"",3.670,> 99.500
ASAP-0008360,"",17.668,> 99.500
ASAP-0008359,"",12.816,10.005
ASAP-0008358,"",76.835,> 99.500
ASAP-0008357,"",> 99.500,> 99.500
ASAP-0008356,"",41.755,> 99.500
ASAP-0008333,"",(IC50 could not be calculated),> 99.500
ASAP-0008333,"",13.243,""
ASAP-0008332,"",5.973,> 99.500
ASAP-0008331,"",0.120,92.852
ASAP-0008330,"",0.462,19.598
ASAP-0008329,"",9.503,> 99.500
ASAP-0008316,"",53.812,> 99.500
ASAP-0008315,"",0.126,12.535
ASAP-0008315,"",0.063,""
ASAP-0008314,"",0.224,10.102
ASAP-0008314,"",0.181,""
ASAP-0008313,"",6.751,> 99.500
ASAP-0008285,"",0.392,21.568
ASAP-0008285,"",0.316,""
ASAP-0008284,"",1.484,> 99.500
ASAP-0008284,"",1.096,""
ASAP-0008283,"",> 99.500,> 99.500
ASAP-0008282,"",> 99.500,> 99.500
ASAP-0008269,"",62.534,> 99.500
ASAP-0008268,"",> 99.500,> 99.500
ASAP-0008267,"",> 99.500,> 99.500
ASAP-0008266,"",> 99.500,> 99.500
ASAP-0008265,"",> 99.500,> 99.500
ASAP-0008264,"",> 99.500,> 99.500
ASAP-0008261,"",> 99.500,> 99.500
ASAP-0008260,"",> 99.500,> 99.500
ASAP-0008259,"",0.069,2.662
ASAP-0008259,"",0.085,1.920
ASAP-0008258,"",0.047,1.993
ASAP-0008258,"",< 0.050,1.522
ASAP-0008257,"",> 99.500,> 99.500
ASAP-0008256,"",> 99.500,> 99.500
ASAP-0008255,"",15.735,> 99.500
ASAP-0008254,"",> 99.500,> 99.500
ASAP-0008253,"",> 99.500,> 99.500
ASAP-0008252,"",> 99.500,> 99.500
ASAP-0008251,"",> 99.500,> 99.500
ASAP-0008250,"",> 99.500,> 99.500
ASAP-0008249,"",> 99.500,> 99.500
ASAP-0008248,"",> 99.500,> 99.500
ASAP-0008247,"",> 99.500,> 99.500
ASAP-0008246,"",> 99.500,> 99.500
ASAP-0008245,"",1.653,> 99.500
ASAP-0008244,"",> 99.500,> 99.500
ASAP-0000864,"",> 99.500,> 99.500
ASAP-0000863,"",59.431,> 99.500
ASAP-0000862,"",> 99.500,> 99.500
ASAP-0000861,"",> 99.500,> 99.500
ASAP-0000860,"",> 99.500,> 99.500
ASAP-0000859,"",> 99.500,> 99.500
ASAP-0000858,"",15.778,> 99.500
ASAP-0000857,"",> 99.500,> 99.500
ASAP-0000856,"",> 99.500,> 99.500
ASAP-0000855,"",> 99.500,> 99.500
ASAP-0000854,"",> 99.500,> 99.500
ASAP-0000853,"",> 99.500,> 99.500
ASAP-0000852,"",> 99.500,> 99.500
ASAP-0000851,"",> 99.500,> 99.500
ASAP-0000850,"",> 99.500,> 99.500
ASAP-0000849,"",> 99.500,> 99.500
ASAP-0000848,"",> 99.500,> 99.500
ASAP-0000847,"",> 99.500,> 99.500
ASAP-0000846,"",48.265,> 99.500
ASAP-0000845,"",> 99.500,> 99.500
ASAP-0000844,"",> 99.500,> 99.500
ASAP-0000843,"",> 99.500,> 99.500
ASAP-0000842,"",> 99.500,> 99.500
ASAP-0000841,"",> 99.500,> 99.500
ASAP-0000840,"",15.103,> 99.500
ASAP-0000839,"",> 99.500,> 99.500
ASAP-0000838,"",> 99.500,> 99.500
ASAP-0000837,"",> 99.500,> 99.500
ASAP-0000836,"",> 99.500,> 99.500
ASAP-0000835,"",7.998,> 99.500
ASAP-0000834,"",> 99.500,> 99.500
ASAP-0000833,"",> 99.500,> 99.500
ASAP-0000832,"",57.886,> 99.500
ASAP-0000831,"",> 99.500,> 99.500
ASAP-0000830,"",> 99.500,> 99.500
ASAP-0000829,"",> 99.500,> 99.500
ASAP-0000828,"",> 99.500,> 99.500
ASAP-0000827,"",> 99.500,> 99.500
ASAP-0000826,"",> 99.500,> 99.500
ASAP-0000825,"",> 99.500,> 99.500
ASAP-0000824,"",85.554,> 99.500
ASAP-0000823,"",> 99.500,> 99.500
ASAP-0000822,"",> 99.500,> 99.500
ASAP-0000821,"",12.226,> 99.500
ASAP-0000820,"",> 99.500,> 99.500
ASAP-0000819,"",90.640,> 99.500
ASAP-0000818,"",> 99.500,> 99.500
ASAP-0000817,"",> 99.500,> 99.500
ASAP-0000816,"",> 99.500,> 99.500
ASAP-0000815,"",> 99.500,> 99.500
ASAP-0000814,"",> 99.500,> 99.500
ASAP-0000813,"",> 99.500,> 99.500
ASAP-0000812,"",> 99.500,> 99.500
ASAP-0000811,"",34.821,> 99.500
ASAP-0000810,"",70.366,> 99.500
ASAP-0000809,"",13.606,> 99.500
ASAP-0000808,"",18.875,> 99.500
ASAP-0000807,"",2.546,> 99.500
ASAP-0000806,"",> 99.500,> 99.500
ASAP-0000805,"",80.737,> 99.500
ASAP-0000804,"",> 99.500,> 99.500
ASAP-0000803,"",> 99.500,> 99.500
ASAP-0000802,"",> 99.500,> 99.500
ASAP-0000801,"",1.284,24.220
ASAP-0000800,"",> 99.500,> 99.500
ASAP-0000799,"",86.360,> 99.500
ASAP-0000798,"",59.122,> 99.500
ASAP-0000797,"",> 99.500,> 99.500
ASAP-0000796,"",> 99.500,> 99.500
ASAP-0000795,"",37.594,> 99.500
ASAP-0000794,"",56.251,> 99.500
ASAP-0000775,"",0.123,6.941
ASAP-0000775,"",0.102,""
ASAP-0000774,"",0.038,6.188
ASAP-0000774,"",0.126,""
ASAP-0000773,"",0.464,27.752
ASAP-0000772,"",47.219,> 99.500
ASAP-0000771,"",19.209,> 99.500
ASAP-0000738,"",0.025,(IC50 could not be calculated)
ASAP-0000738,"",< 0.050,6.672
ASAP-0000737,"",5.345,> 99.500
ASAP-0000735,"",13.406,> 99.500
ASAP-0000734,"",0.527,16.186
ASAP-0000733,"",0.013,0.917
ASAP-0000733,"",< 0.050,1.243
ASAP-0000732,"",14.982,> 99.500
ASAP-0000731,"",0.648,> 99.500
ASAP-0000730,"",1.063,> 99.500
ASAP-0000729,"",25.203,> 99.500
ASAP-0000728,"",3.505,> 99.500
ASAP-0000727,"",1.528,> 99.500
ASAP-0000726,"",18.746,> 99.500
ASAP-0000725,"",0.768,> 99.500
ASAP-0000724,"",> 99.500,> 99.500
ASAP-0000723,"",15.947,> 99.500
ASAP-0000722,"",31.183,> 99.500
ASAP-0000721,"",62.696,> 99.500
ASAP-0000720,"",1.135,> 99.500
ASAP-0000719,"",6.324,> 99.500
ASAP-0000718,"",4.618,> 99.500
ASAP-0000717,"",2.725,> 99.500
ASAP-0000716,"",1.860,> 99.500
ASAP-0000715,"",19.470,> 99.500
ASAP-0000714,"",27.816,> 99.500
ASAP-0000713,"",9.353,> 99.500
ASAP-0000712,"",36.623,> 99.500
ASAP-0000711,"",21.758,> 99.500
ASAP-0000710,"",2.059,> 99.500
ASAP-0000658,"",2.955,> 99.500
ASAP-0000657,"",12.394,> 99.500
ASAP-0000656,"",6.856,> 99.500
ASAP-0000655,"",9.943,> 99.500
ASAP-0000654,"",0.069,0.995
ASAP-0000654,"",< 0.050,1.865
ASAP-0000653,"",4.651,> 99.500
ASAP-0000652,"",2.566,28.679
ASAP-0000651,"",1.530,36.678
ASAP-0000650,"",5.096,> 99.500
ASAP-0000649,"",> 99.500,> 99.500
ASAP-0000648,"",2.033,> 99.500
ASAP-0000647,"",22.272,> 99.500
ASAP-0000646,"",1.626,> 99.500
ASAP-0000645,"",> 99.500,> 99.500
ASAP-0000644,"",5.642,> 99.500
ASAP-0000643,"",> 99.500,> 99.500
ASAP-0000642,"",> 99.500,> 99.500
ASAP-0000641,"",5.878,> 99.500
ASAP-0000640,"",10.245,> 99.500
ASAP-0000638,"",16.302,> 99.500
ASAP-0000637,"",17.590,> 99.500
ASAP-0000581,"",6.898,> 99.500
ASAP-0000580,"",0.484,(IC50 could not be calculated)
ASAP-0000580,"","",6.161
ASAP-0000579,"",2.051,> 99.500
ASAP-0000578,"",6.248,> 99.500
ASAP-0000577,"",0.088,26.483
ASAP-0000577,"",0.098,""
ASAP-0000576,"",25.566,> 99.500
ASAP-0000575,"",7.236,> 99.500
ASAP-0000574,"",87.599,> 99.500
ASAP-0000573,"",5.655,87.979
ASAP-0000572,CDD-4538834,0.004,1.932
ASAP-0000544,"",2.787,> 99.500
ASAP-0000543,"",> 99.500,> 99.500
ASAP-0000542,"",0.797,70.310
ASAP-0000541,"",0.332,8.077
ASAP-0000540,"",> 99.500,> 99.500
ASAP-0000539,"",61.260,> 99.500
ASAP-0000538,"",5.704,> 99.500
ASAP-0000537,"",1.732,> 99.500
ASAP-0000536,"",9.202,> 99.500
ASAP-0000535,"",8.524,> 99.500
ASAP-0000534,"",0.881,> 99.500
ASAP-0000533,"",76.095,> 99.500
ASAP-0000532,"",87.415,> 99.500
ASAP-0000531,"",43.412,> 99.500
ASAP-0000530,"",6.559,> 99.500
ASAP-0000529,"",14.041,> 99.500
ASAP-0000528,"",0.036,8.580
ASAP-0000528,"",0.061,""
ASAP-0000527,"",39.948,> 99.500
ASAP-0000526,"",0.036,6.192
ASAP-0000526,"",0.070,""
ASAP-0000525,"",48.722,> 99.500
ASAP-0000524,"",23.994,> 99.500
ASAP-0000523,"",0.340,18.271
ASAP-0000522,"",31.285,> 99.500
ASAP-0000521,"",35.451,> 99.500
ASAP-0000520,"",6.507,> 99.500
ASAP-0000519,"",1.692,> 99.500
ASAP-0000518,"",1.029,> 99.500
ASAP-0000517,"",6.690,> 99.500
ASAP-0000516,"",1.771,> 99.500
ASAP-0000515,"",> 99.500,> 99.500
ASAP-0000514,"",1.670,> 99.500
ASAP-0000492,"","",70.880
ASAP-0000485,"",3.377,> 99.500
ASAP-0000484,"",3.209,> 99.500
ASAP-0000483,"",80.399,> 99.500
ASAP-0000447,"",6.119,97.469
ASAP-0000447,"","",> 99.500
ASAP-0000446,"",33.625,> 99.500
ASAP-0000445,"",7.502,> 99.500
ASAP-0000444,"",> 99.500,> 99.500
ASAP-0000443,"",> 99.500,> 99.500
ASAP-0000442,"",57.160,> 99.500
ASAP-0000441,"",22.601,> 99.500
ASAP-0000440,"",53.944,> 99.500
ASAP-0000439,"",6.252,> 99.500
ASAP-0000438,"",12.333,> 99.500
ASAP-0000437,"",0.418,38.351
ASAP-0000436,"",3.746,> 99.500
ASAP-0000435,"",1.550,> 99.500
ASAP-0000434,"",18.106,> 99.500
ASAP-0000433,"",4.030,> 99.500
ASAP-0000432,"",17.203,> 99.500
ASAP-0000431,"",1.859,> 99.500
ASAP-0000379,"",> 99.500,> 99.500
ASAP-0000378,"",94.456,> 99.500
ASAP-0000377,"",> 99.500,> 99.500
ASAP-0000376,"",> 99.500,> 99.500
ASAP-0000375,"",0.039,1.208
ASAP-0000375,"",< 0.050,2.509
ASAP-0000374,"",0.223,8.219
ASAP-0000373,"",0.069,2.669
ASAP-0000373,"",0.063,""
ASAP-0000372,"",0.289,3.354
ASAP-0000370,CDD-4552123,0.002,0.129
ASAP-0000370,CDD-4552123,> 99.500,""
ASAP-0000362,"",0.407,> 99.500
ASAP-0000275,"",6.562,> 99.500
ASAP-0000274,"",> 99.500,> 99.500
ASAP-0000273,"",76.386,> 99.500
ASAP-0000272,"",< 0.050,1.173
ASAP-0000272,"","",2.531
ASAP-0000271,"",64.548,> 99.500
ASAP-0000270,"",> 99.500,> 99.500
ASAP-0000269,"",> 99.500,> 99.500
ASAP-0000256,"",> 99.500,> 99.500
ASAP-0000241,"",0.203,> 99.500
ASAP-0000240,"",2.410,> 99.500
ASAP-0000239,"",> 99.500,> 99.500
ASAP-0000238,"",79.678,> 99.500
ASAP-0000237,"",75.984,> 99.500
ASAP-0000236,"",> 99.500,> 99.500
ASAP-0000235,"",2.857,> 99.500
ASAP-0000234,"",> 99.500,> 99.500
ASAP-0000233,"",> 99.500,> 99.500
ASAP-0000232,"",> 99.500,> 99.500
ASAP-0000231,"",> 99.500,> 99.500
ASAP-0000230,"",> 99.500,> 99.500
ASAP-0000229,"",37.316,> 99.500
ASAP-0000228,"",59.818,> 99.500
ASAP-0000227,"",0.076,7.709
ASAP-0000227,"",0.077,""
ASAP-0000226,"",0.037,> 9.950
ASAP-0000226,"",< 0.046,21.204
ASAP-0000226,"",0.056,""
ASAP-0000226,"",1.168,""
ASAP-0000226,"",0.057,""
ASAP-0000225,"",0.070,> 99.500
ASAP-0000225,"",0.057,""
ASAP-0000224,"",0.119,> 99.500
ASAP-0000224,"",0.108,""
ASAP-0000223,"",0.111,6.847
ASAP-0000223,"",0.107,""
ASAP-0000222,"",0.083,6.110
ASAP-0000222,"",0.083,""
ASAP-0000221,"",0.028,10.721
ASAP-0000221,"",< 0.050,""
ASAP-0000220,"",0.083,6.608
ASAP-0000220,"",0.083,""
ASAP-0000219,"",0.034,> 9.950
ASAP-0000219,"",< 0.046,19.388
ASAP-0000219,"",0.068,""
ASAP-0000219,"",0.202,""
ASAP-0000219,"",< 0.050,""
ASAP-0000218,"",0.091,> 9.950
ASAP-0000218,"",0.073,> 99.500
ASAP-0000218,"",0.263,""
ASAP-0000218,"",1.568,""
ASAP-0000218,"",0.075,""
ASAP-0000217,"",0.124,6.552
ASAP-0000217,"",0.110,""
ASAP-0000216,"",0.089,5.391
ASAP-0000216,"",0.077,""
ASAP-0000215,"",0.116,7.612
ASAP-0000215,"",0.103,""
ASAP-0000214,"",0.067,16.046
ASAP-0000214,"",0.057,""
ASAP-0000213,"",0.083,> 99.500
ASAP-0000213,"",0.071,""
ASAP-0000212,"",0.115,6.692
ASAP-0000212,"",0.105,""
ASAP-0000211,"",0.050,5.857
ASAP-0000211,"",< 0.050,""
ASAP-0000210,"",0.125,> 99.500
ASAP-0000210,"",0.112,""
ASAP-0000209,"",0.076,> 99.500
ASAP-0000209,"",0.064,""
ASAP-0000208,"",0.097,8.476
ASAP-0000208,"",0.082,""
ASAP-0000207,"",0.114,9.044
ASAP-0000207,"",0.096,""
ASAP-0000206,"",0.117,> 99.500
ASAP-0000206,"",0.093,""
ASAP-0000205,"",0.086,6.226
ASAP-0000205,"",0.069,""
ASAP-0000204,"",0.083,> 4.975
ASAP-0000204,"",0.078,> 99.500
ASAP-0000204,"",7.946,""
ASAP-0000204,"",> 9.990,""
ASAP-0000204,"",0.178,""
ASAP-0000187,"",9.724,> 99.500
ASAP-0000186,"",94.350,> 99.500
ASAP-0000185,"",0.134,37.979
ASAP-0000184,"",0.090,> 99.500
ASAP-0000183,"",> 99.500,> 99.500
ASAP-0000182,"",61.990,> 99.500
ASAP-0000181,"",42.191,> 99.500
ASAP-0000180,"",22.178,> 99.500
ASAP-0000179,"",63.896,> 99.500
ASAP-0000178,"",> 99.500,> 99.500
ASAP-0000176,"",3.190,> 99.500
ASAP-0000176,"","",> 9.990
ASAP-0000175,"",2.700,< 12.440
ASAP-0000175,"","",1.936
ASAP-0000174,"",> 9.990,> 99.500
ASAP-0000174,"","",> 9.990
ASAP-0000173,"",6.843,15.791
ASAP-0000173,"","",> 9.990
ASAP-0000172,"",> 9.990,> 99.500
ASAP-0000172,"","",> 9.990
ASAP-0000171,"",0.137,40.502
ASAP-0000171,"","",> 9.990
ASAP-0000170,"",0.973,> 99.500
ASAP-0000170,"",0.711,> 9.990
ASAP-0000169,"",0.062,(IC50 could not be calculated)
ASAP-0000169,"",0.043,> 9.990
ASAP-0000168,"",0.072,(IC50 could not be calculated)
ASAP-0000168,"",0.071,> 9.990
ASAP-0000167,"",0.080,< 12.440
ASAP-0000167,"",0.073,> 9.990
ASAP-0000166,"",1.487,> 99.500
ASAP-0000166,"",1.493,> 9.990
ASAP-0000165,"",1.007,> 99.500
ASAP-0000165,"",0.957,> 9.990
ASAP-0000164,"",0.034,< 12.440
ASAP-0000164,"",0.034,> 9.990
ASAP-0000163,"",0.167,> 9.950
ASAP-0000163,"",0.215,> 99.500
ASAP-0000163,"",0.209,> 9.990
ASAP-0000163,"",0.181,""
ASAP-0000162,"",0.083,> 9.950
ASAP-0000162,"",0.095,(IC50 could not be calculated)
ASAP-0000162,"",0.068,> 9.990
ASAP-0000162,"",0.070,""
ASAP-0000161,"",0.077,(IC50 could not be calculated)
ASAP-0000161,"",0.077,> 9.990
ASAP-0000160,"",0.096,(IC50 could not be calculated)
ASAP-0000160,"",0.112,> 9.990
ASAP-0000159,"",0.069,> 99.500
ASAP-0000159,"",0.086,> 9.990
ASAP-0000158,"",0.137,(IC50 could not be calculated)
ASAP-0000158,"",0.087,> 9.990
ASAP-0000157,"",0.060,< 12.440
ASAP-0000157,"",0.062,> 9.990
ASAP-0000156,"",0.068,38.082
ASAP-0000156,"",0.068,> 9.990
ASAP-0000155,"",0.045,(IC50 could not be calculated)
ASAP-0000155,"",0.046,> 9.990
ASAP-0000154,"",1.552,> 99.500
ASAP-0000154,"",1.678,> 9.990
ASAP-0000153,"",0.007,1.991
ASAP-0000153,"",0.005,1.655
ASAP-0000153,"",0.006,1.873
ASAP-0000153,"",0.005,1.594
ASAP-0000153,"",0.005,1.512
ASAP-0000153,"",0.005,1.637
ASAP-0000153,"",0.005,1.593
ASAP-0000153,"",0.007,2.096
ASAP-0000153,"",0.008,2.254
ASAP-0000153,"",0.008,1.430
ASAP-0000153,"",0.005,2.170
ASAP-0000153,"",0.005,2.186
ASAP-0000153,"",0.006,1.891
ASAP-0000153,"",0.006,2.198
ASAP-0000153,"",0.005,2.146
ASAP-0000153,"",0.007,2.485
ASAP-0000153,"",0.007,2.464
ASAP-0000153,"",0.007,(IC50 could not be calculated)
ASAP-0000153,"",0.007,2.231
ASAP-0000153,"",0.007,2.086
ASAP-0000153,"",0.007,2.204
ASAP-0000153,"",0.006,(IC50 could not be calculated)
ASAP-0000153,"",0.007,(IC50 could not be calculated)
ASAP-0000153,"",0.011,2.652
ASAP-0000153,"",0.008,1.388
ASAP-0000153,"",0.008,1.907
ASAP-0000153,"",0.008,2.124
ASAP-0000153,"",0.008,1.403
ASAP-0000153,"",0.013,4.862
ASAP-0000153,"",0.011,3.232
ASAP-0000153,"",0.009,2.464
ASAP-0000153,"",0.009,2.214
ASAP-0000153,"",0.017,2.467
ASAP-0000153,"",0.007,(IC50 could not be calculated)
ASAP-0000153,"",0.007,2.758
ASAP-0000153,"",0.006,1.720
ASAP-0000153,"",0.004,1.545
ASAP-0000153,"",0.005,1.580
ASAP-0000153,"",0.004,1.531
ASAP-0000153,"",0.005,2.000
ASAP-0000153,"",0.006,2.456
ASAP-0000153,"",0.006,1.298
ASAP-0000153,"",0.006,1.274
ASAP-0000153,"",0.004,1.366
ASAP-0000153,"",0.008,1.039
ASAP-0000153,"",0.009,2.012
ASAP-0000153,"",0.008,2.386
ASAP-0000153,"",0.009,5.503
ASAP-0000153,"",0.007,2.199
ASAP-0000153,"",0.011,2.281
ASAP-0000153,"",0.008,2.416
ASAP-0000153,"",0.014,2.631
ASAP-0000153,"",0.016,1.917
ASAP-0000153,"",0.016,> 0.396
ASAP-0000153,"",< 0.050,> 0.100
ASAP-0000153,"",0.007,2.382
ASAP-0000153,"",0.012,2.716
ASAP-0000153,"",0.009,2.341
ASAP-0000153,"",0.017,3.985
ASAP-0000153,"",0.006,(IC50 could not be calculated)
ASAP-0000153,"",0.011,1.424
ASAP-0000153,"",0.014,1.490
ASAP-0000153,"",0.104,1.949
ASAP-0000153,"",0.010,1.564
ASAP-0000153,"",0.005,1.653
ASAP-0000153,"",0.010,0.918
ASAP-0000153,"",< 0.050,1.492
ASAP-0000153,"",< 0.050,1.937
ASAP-0000153,"",0.094,2.185
ASAP-0000153,"",< 0.050,2.776
ASAP-0000153,"",0.009,1.227
ASAP-0000153,"",< 0.050,2.390
ASAP-0000153,"",< 0.050,1.716
ASAP-0000153,"",< 0.050,2.062
ASAP-0000153,"",< 0.050,3.847
ASAP-0000153,"",< 0.050,2.248
ASAP-0000153,"",< 0.050,4.673
ASAP-0000153,"",< 0.050,5.272
ASAP-0000153,"",< 0.050,2.101
ASAP-0000153,"",< 0.010,2.659
ASAP-0000153,"",< 0.050,2.762
ASAP-0000153,"",< 0.050,3.075
ASAP-0000153,"",< 0.050,1.929
ASAP-0000153,"",< 0.050,2.202
ASAP-0000153,"",0.008,6.362
ASAP-0000153,"",< 0.050,5.430
ASAP-0000153,"",< 0.050,3.183
ASAP-0000153,"",< 0.050,2.388
ASAP-0000153,"",< 0.050,3.624
ASAP-0000153,"",< 0.050,< 12.440
ASAP-0000153,"",< 0.050,2.037
ASAP-0000153,"",< 0.050,""
ASAP-0000153,"",< 0.050,""
ASAP-0000153,"",< 0.050,""
ASAP-0000153,"",0.010,""
ASAP-0000153,"",< 0.050,""
ASAP-0000153,"",0.009,""
ASAP-0000152,"",> 9.990,> 99.500
ASAP-0000152,"","",> 9.990
ASAP-0000151,"",> 9.990,> 99.500
ASAP-0000151,"","",> 9.990
ASAP-0000150,"",3.961,> 99.500
ASAP-0000150,"","",> 9.990
ASAP-0000149,"",> 9.990,> 99.500
ASAP-0000149,"","",> 9.990
ASAP-0000148,"",> 9.990,> 99.500
ASAP-0000148,"","",> 9.990
ASAP-0000147,"",2.783,> 99.500
ASAP-0000147,"","",> 9.990
ASAP-0000146,"",0.353,> 99.500
ASAP-0000146,"","",> 9.990
ASAP-0000145,"",2.388,(IC50 could not be calculated)
ASAP-0000145,"","",> 9.990
ASAP-0000144,"",0.774,(IC50 could not be calculated)
ASAP-0000144,"","",> 9.990
ASAP-0000143,"",> 9.990,> 99.500
ASAP-0000143,"","",> 9.990
ASAP-0000142,"",5.157,> 99.500
ASAP-0000142,"","",> 9.990
ASAP-0000141,"",> 9.990,> 99.500
ASAP-0000141,"","",> 9.990
